-- MySQL dump 10.13  Distrib 5.7.34, for osx10.12 (x86_64)
--
-- Host: localhost    Database: wordfix
-- ------------------------------------------------------
-- Server version	5.7.34

/*!40101 SET @OLD_CHARACTER_SET_CLIENT=@@CHARACTER_SET_CLIENT */;
/*!40101 SET @OLD_CHARACTER_SET_RESULTS=@@CHARACTER_SET_RESULTS */;
/*!40101 SET @OLD_COLLATION_CONNECTION=@@COLLATION_CONNECTION */;
/*!40101 SET NAMES utf8 */;
/*!40103 SET @OLD_TIME_ZONE=@@TIME_ZONE */;
/*!40103 SET TIME_ZONE='+00:00' */;
/*!40014 SET @OLD_UNIQUE_CHECKS=@@UNIQUE_CHECKS, UNIQUE_CHECKS=0 */;
/*!40014 SET @OLD_FOREIGN_KEY_CHECKS=@@FOREIGN_KEY_CHECKS, FOREIGN_KEY_CHECKS=0 */;
/*!40101 SET @OLD_SQL_MODE=@@SQL_MODE, SQL_MODE='NO_AUTO_VALUE_ON_ZERO' */;
/*!40111 SET @OLD_SQL_NOTES=@@SQL_NOTES, SQL_NOTES=0 */;

--
-- Table structure for table `answer_counts`
--

DROP TABLE IF EXISTS `answer_counts`;
/*!40101 SET @saved_cs_client     = @@character_set_client */;
/*!40101 SET character_set_client = utf8 */;
CREATE TABLE `answer_counts` (
  `id` bigint(20) unsigned NOT NULL AUTO_INCREMENT,
  `user_id` bigint(20) unsigned NOT NULL,
  `word_fix_id` bigint(20) unsigned NOT NULL,
  `correct` int(11) NOT NULL,
  `created_at` timestamp NULL DEFAULT NULL,
  `updated_at` timestamp NULL DEFAULT NULL,
  `type_id` bigint(20) unsigned DEFAULT NULL,
  PRIMARY KEY (`id`),
  KEY `answer_counts_user_id_foreign` (`user_id`),
  KEY `answer_counts_word_fix_id_foreign` (`word_fix_id`),
  KEY `answer_counts_type_id_foreign` (`type_id`),
  CONSTRAINT `answer_counts_type_id_foreign` FOREIGN KEY (`type_id`) REFERENCES `types` (`id`),
  CONSTRAINT `answer_counts_user_id_foreign` FOREIGN KEY (`user_id`) REFERENCES `users` (`id`),
  CONSTRAINT `answer_counts_word_fix_id_foreign` FOREIGN KEY (`word_fix_id`) REFERENCES `word_fixes` (`id`)
) ENGINE=InnoDB AUTO_INCREMENT=161 DEFAULT CHARSET=utf8mb4 COLLATE=utf8mb4_unicode_ci;
/*!40101 SET character_set_client = @saved_cs_client */;

--
-- Dumping data for table `answer_counts`
--

LOCK TABLES `answer_counts` WRITE;
/*!40000 ALTER TABLE `answer_counts` DISABLE KEYS */;
INSERT INTO `answer_counts` VALUES (11,1,354,1,'2023-01-06 03:26:05','2023-01-06 03:26:05',1),(12,1,159,0,'2023-01-06 03:26:05','2023-01-06 03:26:05',1),(13,1,186,1,'2023-01-06 03:26:05','2023-01-06 03:26:05',1),(14,1,82,0,'2023-01-06 03:26:05','2023-01-06 03:26:05',1),(15,1,332,1,'2023-01-06 03:26:05','2023-01-06 03:26:05',1),(16,1,79,1,'2023-01-06 03:26:05','2023-01-06 03:26:05',1),(17,1,343,0,'2023-01-06 03:26:05','2023-01-06 03:26:05',1),(18,1,323,1,'2023-01-06 03:26:05','2023-01-06 03:26:05',1),(19,1,297,1,'2023-01-06 03:26:05','2023-01-06 03:26:05',1),(20,1,187,1,'2023-01-06 03:26:05','2023-01-06 03:26:05',1),(21,1,130,0,'2023-01-06 04:05:07','2023-01-06 04:05:07',1),(22,1,234,1,'2023-01-06 04:05:07','2023-01-06 04:05:07',1),(23,1,85,1,'2023-01-06 04:05:07','2023-01-06 04:05:07',1),(24,1,209,1,'2023-01-06 04:05:07','2023-01-06 04:05:07',1),(25,1,247,1,'2023-01-06 04:05:07','2023-01-06 04:05:07',1),(26,1,121,1,'2023-01-06 04:05:07','2023-01-06 04:05:07',1),(27,1,43,1,'2023-01-06 04:05:07','2023-01-06 04:05:07',1),(28,1,25,1,'2023-01-06 04:05:07','2023-01-06 04:05:07',1),(29,1,198,0,'2023-01-06 04:05:07','2023-01-06 04:05:07',1),(30,1,205,1,'2023-01-06 04:05:07','2023-01-06 04:05:07',1),(31,1,327,1,'2023-01-06 04:12:08','2023-01-06 04:12:08',2),(32,1,23,1,'2023-01-06 04:12:08','2023-01-06 04:12:08',2),(33,1,107,1,'2023-01-06 04:12:08','2023-01-06 04:12:08',2),(34,1,108,0,'2023-01-06 04:12:08','2023-01-06 04:12:08',2),(35,1,106,1,'2023-01-06 04:12:08','2023-01-06 04:12:08',2),(36,1,109,0,'2023-01-06 04:12:08','2023-01-06 04:12:08',2),(37,1,307,0,'2023-01-06 04:12:08','2023-01-06 04:12:08',2),(38,1,366,1,'2023-01-06 04:12:08','2023-01-06 04:12:08',2),(39,1,363,1,'2023-01-06 04:12:08','2023-01-06 04:12:08',2),(40,1,143,1,'2023-01-06 04:12:08','2023-01-06 04:12:08',2),(41,1,103,1,'2023-01-06 04:18:46','2023-01-06 04:18:46',2),(42,1,308,1,'2023-01-06 04:18:46','2023-01-06 04:18:46',2),(43,1,126,1,'2023-01-06 04:18:46','2023-01-06 04:18:46',2),(44,1,110,1,'2023-01-06 04:18:46','2023-01-06 04:18:46',2),(45,1,144,1,'2023-01-06 04:18:46','2023-01-06 04:18:46',2),(46,1,128,1,'2023-01-06 04:18:46','2023-01-06 04:18:46',2),(47,1,360,1,'2023-01-06 04:18:46','2023-01-06 04:18:46',2),(48,1,310,1,'2023-01-06 04:18:46','2023-01-06 04:18:46',2),(49,1,328,1,'2023-01-06 04:18:46','2023-01-06 04:18:46',2),(50,1,361,0,'2023-01-06 04:18:46','2023-01-06 04:18:46',2),(51,1,363,0,'2023-01-06 04:21:03','2023-01-06 04:21:03',2),(52,1,144,1,'2023-01-06 04:21:03','2023-01-06 04:21:03',2),(53,1,107,1,'2023-01-06 04:21:03','2023-01-06 04:21:03',2),(54,1,315,1,'2023-01-06 04:21:03','2023-01-06 04:21:03',2),(55,1,360,0,'2023-01-06 04:21:03','2023-01-06 04:21:03',2),(56,1,322,0,'2023-01-06 04:21:03','2023-01-06 04:21:03',2),(57,1,109,1,'2023-01-06 04:21:03','2023-01-06 04:21:03',2),(58,1,126,1,'2023-01-06 04:21:03','2023-01-06 04:21:03',2),(59,1,359,0,'2023-01-06 04:21:03','2023-01-06 04:21:03',2),(60,1,103,1,'2023-01-06 04:21:03','2023-01-06 04:21:03',2),(61,1,312,1,'2023-01-06 06:22:52','2023-01-06 06:22:52',1),(62,1,134,0,'2023-01-06 06:22:52','2023-01-06 06:22:52',1),(63,1,47,1,'2023-01-06 06:22:52','2023-01-06 06:22:52',1),(64,1,145,1,'2023-01-06 06:22:52','2023-01-06 06:22:52',1),(65,1,120,1,'2023-01-06 06:22:52','2023-01-06 06:22:52',1),(66,1,184,1,'2023-01-06 06:22:52','2023-01-06 06:22:52',1),(67,1,227,0,'2023-01-06 06:22:52','2023-01-06 06:22:52',1),(68,1,61,1,'2023-01-06 06:22:52','2023-01-06 06:22:52',1),(69,1,313,1,'2023-01-06 06:22:52','2023-01-06 06:22:52',1),(70,1,313,0,'2023-01-06 06:22:52','2023-01-06 06:22:52',1),(71,1,209,1,'2023-01-06 06:25:15','2023-01-06 06:25:15',1),(72,1,208,1,'2023-01-06 06:25:15','2023-01-06 06:25:15',1),(73,1,157,1,'2023-01-06 06:25:15','2023-01-06 06:25:15',1),(74,1,344,1,'2023-01-06 06:25:15','2023-01-06 06:25:15',1),(75,1,302,1,'2023-01-06 06:25:15','2023-01-06 06:25:15',1),(76,1,171,1,'2023-01-06 06:25:15','2023-01-06 06:25:15',1),(77,1,27,1,'2023-01-06 06:25:15','2023-01-06 06:25:15',1),(78,1,340,0,'2023-01-06 06:25:15','2023-01-06 06:25:15',1),(79,1,40,1,'2023-01-06 06:25:15','2023-01-06 06:25:15',1),(80,1,331,1,'2023-01-06 06:25:15','2023-01-06 06:25:15',1),(81,1,209,1,'2023-01-06 06:27:37','2023-01-06 06:27:37',1),(82,1,332,0,'2023-01-06 06:27:37','2023-01-06 06:27:37',1),(83,1,31,1,'2023-01-06 06:27:37','2023-01-06 06:27:37',1),(84,1,75,1,'2023-01-06 06:27:37','2023-01-06 06:27:37',1),(85,1,61,1,'2023-01-06 06:27:37','2023-01-06 06:27:37',1),(86,1,179,1,'2023-01-06 06:27:37','2023-01-06 06:27:37',1),(87,1,206,0,'2023-01-06 06:27:37','2023-01-06 06:27:37',1),(88,1,36,1,'2023-01-06 06:27:37','2023-01-06 06:27:37',1),(89,1,242,1,'2023-01-06 06:27:37','2023-01-06 06:27:37',1),(90,1,256,1,'2023-01-06 06:27:37','2023-01-06 06:27:37',1),(91,1,17,1,'2023-01-06 06:30:11','2023-01-06 06:30:11',1),(92,1,73,1,'2023-01-06 06:30:11','2023-01-06 06:30:11',1),(93,1,163,1,'2023-01-06 06:30:11','2023-01-06 06:30:11',1),(94,1,342,1,'2023-01-06 06:30:11','2023-01-06 06:30:11',1),(95,1,279,0,'2023-01-06 06:30:11','2023-01-06 06:30:11',1),(96,1,353,1,'2023-01-06 06:30:11','2023-01-06 06:30:11',1),(97,1,230,0,'2023-01-06 06:30:11','2023-01-06 06:30:11',1),(98,1,270,1,'2023-01-06 06:30:11','2023-01-06 06:30:11',1),(99,1,158,1,'2023-01-06 06:30:11','2023-01-06 06:30:11',1),(100,1,76,1,'2023-01-06 06:30:11','2023-01-06 06:30:11',1),(101,1,290,0,'2023-01-06 06:32:48','2023-01-06 06:32:48',1),(102,1,357,1,'2023-01-06 06:32:48','2023-01-06 06:32:48',1),(103,1,288,1,'2023-01-06 06:32:48','2023-01-06 06:32:48',1),(104,1,64,1,'2023-01-06 06:32:48','2023-01-06 06:32:48',1),(105,1,200,1,'2023-01-06 06:32:48','2023-01-06 06:32:48',1),(106,1,87,1,'2023-01-06 06:32:48','2023-01-06 06:32:48',1),(107,1,248,1,'2023-01-06 06:32:48','2023-01-06 06:32:48',1),(108,1,225,1,'2023-01-06 06:32:48','2023-01-06 06:32:48',1),(109,1,210,1,'2023-01-06 06:32:48','2023-01-06 06:32:48',1),(110,1,137,1,'2023-01-06 06:32:48','2023-01-06 06:32:48',1),(111,1,290,1,'2023-01-06 06:34:56','2023-01-06 06:34:56',1),(112,1,161,1,'2023-01-06 06:34:56','2023-01-06 06:34:56',1),(113,1,164,1,'2023-01-06 06:34:56','2023-01-06 06:34:56',1),(114,1,186,1,'2023-01-06 06:34:56','2023-01-06 06:34:56',1),(115,1,160,1,'2023-01-06 06:34:56','2023-01-06 06:34:56',1),(116,1,340,1,'2023-01-06 06:34:56','2023-01-06 06:34:56',1),(117,1,281,1,'2023-01-06 06:34:56','2023-01-06 06:34:56',1),(118,1,285,1,'2023-01-06 06:34:56','2023-01-06 06:34:56',1),(119,1,159,1,'2023-01-06 06:34:56','2023-01-06 06:34:56',1),(120,1,100,1,'2023-01-06 06:34:56','2023-01-06 06:34:56',1),(121,1,244,1,'2023-01-06 06:37:41','2023-01-06 06:37:41',1),(122,1,258,1,'2023-01-06 06:37:41','2023-01-06 06:37:41',1),(123,1,268,1,'2023-01-06 06:37:41','2023-01-06 06:37:41',1),(124,1,320,1,'2023-01-06 06:37:41','2023-01-06 06:37:41',1),(125,1,224,1,'2023-01-06 06:37:41','2023-01-06 06:37:41',1),(126,1,183,1,'2023-01-06 06:37:41','2023-01-06 06:37:41',1),(127,1,317,0,'2023-01-06 06:37:41','2023-01-06 06:37:41',1),(128,1,54,1,'2023-01-06 06:37:41','2023-01-06 06:37:41',1),(129,1,31,1,'2023-01-06 06:37:41','2023-01-06 06:37:41',1),(130,1,287,1,'2023-01-06 06:37:42','2023-01-06 06:37:42',1),(131,1,289,1,'2023-01-06 06:40:00','2023-01-06 06:40:00',1),(132,1,210,1,'2023-01-06 06:40:00','2023-01-06 06:40:00',1),(133,1,295,1,'2023-01-06 06:40:00','2023-01-06 06:40:00',1),(134,1,277,1,'2023-01-06 06:40:00','2023-01-06 06:40:00',1),(135,1,299,1,'2023-01-06 06:40:00','2023-01-06 06:40:00',1),(136,1,156,1,'2023-01-06 06:40:00','2023-01-06 06:40:00',1),(137,1,222,1,'2023-01-06 06:40:00','2023-01-06 06:40:00',1),(138,1,84,1,'2023-01-06 06:40:00','2023-01-06 06:40:00',1),(139,1,55,1,'2023-01-06 06:40:00','2023-01-06 06:40:00',1),(140,1,182,1,'2023-01-06 06:40:00','2023-01-06 06:40:00',1),(141,1,329,1,'2023-01-06 06:41:42','2023-01-06 06:41:42',1),(142,1,232,1,'2023-01-06 06:41:42','2023-01-06 06:41:42',1),(143,1,63,1,'2023-01-06 06:41:42','2023-01-06 06:41:42',1),(144,1,254,0,'2023-01-06 06:41:42','2023-01-06 06:41:42',1),(145,1,153,0,'2023-01-06 06:41:42','2023-01-06 06:41:42',1),(146,1,188,1,'2023-01-06 06:41:42','2023-01-06 06:41:42',1),(147,1,187,1,'2023-01-06 06:41:42','2023-01-06 06:41:42',1),(148,1,305,1,'2023-01-06 06:41:42','2023-01-06 06:41:42',1),(149,1,71,0,'2023-01-06 06:41:42','2023-01-06 06:41:42',1),(150,1,252,1,'2023-01-06 06:41:42','2023-01-06 06:41:42',1),(151,1,88,1,'2023-01-10 04:49:02','2023-01-10 04:49:02',1),(152,1,565,1,'2023-01-10 04:49:02','2023-01-10 04:49:02',1),(153,1,513,0,'2023-01-10 04:49:02','2023-01-10 04:49:02',1),(154,1,487,0,'2023-01-10 04:49:02','2023-01-10 04:49:02',1),(155,1,545,0,'2023-01-10 04:49:02','2023-01-10 04:49:02',1),(156,1,42,1,'2023-01-10 04:49:02','2023-01-10 04:49:02',1),(157,1,335,0,'2023-01-10 04:49:02','2023-01-10 04:49:02',1),(158,1,588,0,'2023-01-10 04:49:02','2023-01-10 04:49:02',1),(159,1,440,1,'2023-01-10 04:49:02','2023-01-10 04:49:02',1),(160,1,26,1,'2023-01-10 04:49:02','2023-01-10 04:49:02',1);
/*!40000 ALTER TABLE `answer_counts` ENABLE KEYS */;
UNLOCK TABLES;

--
-- Table structure for table `failed_jobs`
--

DROP TABLE IF EXISTS `failed_jobs`;
/*!40101 SET @saved_cs_client     = @@character_set_client */;
/*!40101 SET character_set_client = utf8 */;
CREATE TABLE `failed_jobs` (
  `id` bigint(20) unsigned NOT NULL AUTO_INCREMENT,
  `uuid` varchar(255) COLLATE utf8mb4_unicode_ci NOT NULL,
  `connection` text COLLATE utf8mb4_unicode_ci NOT NULL,
  `queue` text COLLATE utf8mb4_unicode_ci NOT NULL,
  `payload` longtext COLLATE utf8mb4_unicode_ci NOT NULL,
  `exception` longtext COLLATE utf8mb4_unicode_ci NOT NULL,
  `failed_at` timestamp NOT NULL DEFAULT CURRENT_TIMESTAMP,
  PRIMARY KEY (`id`),
  UNIQUE KEY `failed_jobs_uuid_unique` (`uuid`)
) ENGINE=InnoDB DEFAULT CHARSET=utf8mb4 COLLATE=utf8mb4_unicode_ci;
/*!40101 SET character_set_client = @saved_cs_client */;

--
-- Dumping data for table `failed_jobs`
--

LOCK TABLES `failed_jobs` WRITE;
/*!40000 ALTER TABLE `failed_jobs` DISABLE KEYS */;
/*!40000 ALTER TABLE `failed_jobs` ENABLE KEYS */;
UNLOCK TABLES;

--
-- Table structure for table `fixes`
--

DROP TABLE IF EXISTS `fixes`;
/*!40101 SET @saved_cs_client     = @@character_set_client */;
/*!40101 SET character_set_client = utf8 */;
CREATE TABLE `fixes` (
  `id` bigint(20) unsigned NOT NULL AUTO_INCREMENT,
  `fix` varchar(255) COLLATE utf8mb4_unicode_ci NOT NULL,
  `created_at` timestamp NULL DEFAULT NULL,
  `updated_at` timestamp NULL DEFAULT NULL,
  PRIMARY KEY (`id`)
) ENGINE=InnoDB AUTO_INCREMENT=3 DEFAULT CHARSET=utf8mb4 COLLATE=utf8mb4_unicode_ci;
/*!40101 SET character_set_client = @saved_cs_client */;

--
-- Dumping data for table `fixes`
--

LOCK TABLES `fixes` WRITE;
/*!40000 ALTER TABLE `fixes` DISABLE KEYS */;
INSERT INTO `fixes` VALUES (1,'fixed','2022-12-26 07:18:38','2022-12-26 07:18:38'),(2,'unfixed','2022-12-26 07:18:38','2022-12-26 07:18:38');
/*!40000 ALTER TABLE `fixes` ENABLE KEYS */;
UNLOCK TABLES;

--
-- Table structure for table `migrations`
--

DROP TABLE IF EXISTS `migrations`;
/*!40101 SET @saved_cs_client     = @@character_set_client */;
/*!40101 SET character_set_client = utf8 */;
CREATE TABLE `migrations` (
  `id` int(10) unsigned NOT NULL AUTO_INCREMENT,
  `migration` varchar(255) COLLATE utf8mb4_unicode_ci NOT NULL,
  `batch` int(11) NOT NULL,
  PRIMARY KEY (`id`)
) ENGINE=InnoDB AUTO_INCREMENT=39 DEFAULT CHARSET=utf8mb4 COLLATE=utf8mb4_unicode_ci;
/*!40101 SET character_set_client = @saved_cs_client */;

--
-- Dumping data for table `migrations`
--

LOCK TABLES `migrations` WRITE;
/*!40000 ALTER TABLE `migrations` DISABLE KEYS */;
INSERT INTO `migrations` VALUES (10,'2022_12_26_150220_drop_column_fix_unfixed_id_column',1),(11,'2014_10_12_000000_create_users_table',2),(12,'2014_10_12_100000_create_password_resets_table',2),(13,'2019_08_19_000000_create_failed_jobs_table',2),(14,'2019_12_14_000001_create_personal_access_tokens_table',2),(15,'2022_12_25_080634_create_parses_table',2),(16,'2022_12_25_080710_create_types_table',2),(17,'2022_12_25_082921_create_past_fixeds_table',2),(18,'2022_12_26_161320_create_fixes_table',3),(19,'2022_12_26_161713_create_word_fixes_table',4),(20,'2022_12_26_162231_create_word_fixes_table',5),(21,'2022_12_26_172747_create_past_fixeds_table',6),(22,'2022_12_27_112410_add_user_id_to_word_fixes_table',7),(23,'2022_12_27_112552_add_user_id_to_past_fixeds_table',8),(24,'2022_12_30_081204_add_count_memo_to_past_fixeds_table',9),(25,'2023_01_01_154254_create_roots_table',10),(26,'2023_01_01_154306_create_suffixes_table',10),(27,'2023_01_01_154314_create_prefixes_table',10),(28,'2023_01_01_160150_add_root_id_to_word_fixes_table',11),(29,'2023_01_01_161600_add_sentence_to_word_fixes_table',12),(30,'2023_01_06_101846_drop_column_jpn23_column',13),(31,'2023_01_06_102426_rename_jpn1_to_jpn_on_word_fixes_table',14),(32,'2023_01_06_115241_create_answer_counts_table',15),(33,'2023_01_06_122007_drop_column_type_id_column',16),(34,'2023_01_06_122101_drop_column_type_id_column',17),(35,'2023_01_09_045859_add_origin_to_word_fixes_table',18),(36,'2023_01_09_051235_create_word_origins_table',19),(37,'2023_01_09_051442_add_word_origin_id_to_word_fixes_table',20),(38,'2023_01_09_055027_add_root_id_to_word_origins_table',21);
/*!40000 ALTER TABLE `migrations` ENABLE KEYS */;
UNLOCK TABLES;

--
-- Table structure for table `parses`
--

DROP TABLE IF EXISTS `parses`;
/*!40101 SET @saved_cs_client     = @@character_set_client */;
/*!40101 SET character_set_client = utf8 */;
CREATE TABLE `parses` (
  `id` bigint(20) unsigned NOT NULL AUTO_INCREMENT,
  `parse` varchar(255) COLLATE utf8mb4_unicode_ci NOT NULL,
  `created_at` timestamp NULL DEFAULT NULL,
  `updated_at` timestamp NULL DEFAULT NULL,
  PRIMARY KEY (`id`)
) ENGINE=InnoDB AUTO_INCREMENT=12 DEFAULT CHARSET=utf8mb4 COLLATE=utf8mb4_unicode_ci;
/*!40101 SET character_set_client = @saved_cs_client */;

--
-- Dumping data for table `parses`
--

LOCK TABLES `parses` WRITE;
/*!40000 ALTER TABLE `parses` DISABLE KEYS */;
INSERT INTO `parses` VALUES (1,'n','2022-12-26 07:25:31','2022-12-26 07:25:31'),(2,'pron','2022-12-26 07:25:31','2022-12-26 07:25:31'),(3,'v','2022-12-26 07:25:31','2022-12-26 07:25:31'),(4,'adj','2022-12-26 07:25:31','2022-12-26 07:25:31'),(5,'adv','2022-12-26 07:25:31','2022-12-26 07:25:31'),(6,'aux','2022-12-26 07:25:31','2022-12-26 07:25:31'),(7,'prep','2022-12-26 07:25:31','2022-12-26 07:25:31'),(8,'art','2022-12-26 07:25:31','2022-12-26 07:25:31'),(9,'con','2022-12-26 07:25:31','2022-12-26 07:25:31'),(10,'int','2022-12-26 07:25:31','2022-12-26 07:25:31'),(11,'-',NULL,NULL);
/*!40000 ALTER TABLE `parses` ENABLE KEYS */;
UNLOCK TABLES;

--
-- Table structure for table `password_resets`
--

DROP TABLE IF EXISTS `password_resets`;
/*!40101 SET @saved_cs_client     = @@character_set_client */;
/*!40101 SET character_set_client = utf8 */;
CREATE TABLE `password_resets` (
  `email` varchar(255) COLLATE utf8mb4_unicode_ci NOT NULL,
  `token` varchar(255) COLLATE utf8mb4_unicode_ci NOT NULL,
  `created_at` timestamp NULL DEFAULT NULL,
  KEY `password_resets_email_index` (`email`)
) ENGINE=InnoDB DEFAULT CHARSET=utf8mb4 COLLATE=utf8mb4_unicode_ci;
/*!40101 SET character_set_client = @saved_cs_client */;

--
-- Dumping data for table `password_resets`
--

LOCK TABLES `password_resets` WRITE;
/*!40000 ALTER TABLE `password_resets` DISABLE KEYS */;
/*!40000 ALTER TABLE `password_resets` ENABLE KEYS */;
UNLOCK TABLES;

--
-- Table structure for table `past_fixeds`
--

DROP TABLE IF EXISTS `past_fixeds`;
/*!40101 SET @saved_cs_client     = @@character_set_client */;
/*!40101 SET character_set_client = utf8 */;
CREATE TABLE `past_fixeds` (
  `id` bigint(20) unsigned NOT NULL AUTO_INCREMENT,
  `type_id` bigint(20) unsigned NOT NULL,
  `count` int(11) NOT NULL,
  `created_at` timestamp NULL DEFAULT NULL,
  `updated_at` timestamp NULL DEFAULT NULL,
  `user_id` bigint(20) unsigned NOT NULL,
  `countMemo` varchar(255) COLLATE utf8mb4_unicode_ci NOT NULL,
  PRIMARY KEY (`id`),
  KEY `past_fixeds_type_id_foreign` (`type_id`),
  KEY `past_fixeds_user_id_foreign` (`user_id`),
  CONSTRAINT `past_fixeds_type_id_foreign` FOREIGN KEY (`type_id`) REFERENCES `types` (`id`),
  CONSTRAINT `past_fixeds_user_id_foreign` FOREIGN KEY (`user_id`) REFERENCES `users` (`id`)
) ENGINE=InnoDB AUTO_INCREMENT=11 DEFAULT CHARSET=utf8mb4 COLLATE=utf8mb4_unicode_ci;
/*!40101 SET character_set_client = @saved_cs_client */;

--
-- Dumping data for table `past_fixeds`
--

LOCK TABLES `past_fixeds` WRITE;
/*!40000 ALTER TABLE `past_fixeds` DISABLE KEYS */;
INSERT INTO `past_fixeds` VALUES (3,1,1933,'2022-12-27 02:40:09','2022-12-29 23:07:34',1,'beg all'),(4,2,10,'2022-12-27 02:40:09','2022-12-27 02:40:09',1,''),(7,1,334,'2023-01-02 21:47:58','2023-01-02 21:47:58',1,'std1-20'),(8,1,184,'2023-01-02 23:54:46','2023-01-02 23:54:46',1,'std21-30'),(9,1,214,'2023-01-03 01:21:48','2023-01-03 01:21:48',1,'itEng(estimation)'),(10,2,55,'2023-01-03 01:21:54','2023-01-03 01:21:54',1,'itEng(estimation)');
/*!40000 ALTER TABLE `past_fixeds` ENABLE KEYS */;
UNLOCK TABLES;

--
-- Table structure for table `personal_access_tokens`
--

DROP TABLE IF EXISTS `personal_access_tokens`;
/*!40101 SET @saved_cs_client     = @@character_set_client */;
/*!40101 SET character_set_client = utf8 */;
CREATE TABLE `personal_access_tokens` (
  `id` bigint(20) unsigned NOT NULL AUTO_INCREMENT,
  `tokenable_type` varchar(255) COLLATE utf8mb4_unicode_ci NOT NULL,
  `tokenable_id` bigint(20) unsigned NOT NULL,
  `name` varchar(255) COLLATE utf8mb4_unicode_ci NOT NULL,
  `token` varchar(64) COLLATE utf8mb4_unicode_ci NOT NULL,
  `abilities` text COLLATE utf8mb4_unicode_ci,
  `last_used_at` timestamp NULL DEFAULT NULL,
  `expires_at` timestamp NULL DEFAULT NULL,
  `created_at` timestamp NULL DEFAULT NULL,
  `updated_at` timestamp NULL DEFAULT NULL,
  PRIMARY KEY (`id`),
  UNIQUE KEY `personal_access_tokens_token_unique` (`token`),
  KEY `personal_access_tokens_tokenable_type_tokenable_id_index` (`tokenable_type`,`tokenable_id`)
) ENGINE=InnoDB DEFAULT CHARSET=utf8mb4 COLLATE=utf8mb4_unicode_ci;
/*!40101 SET character_set_client = @saved_cs_client */;

--
-- Dumping data for table `personal_access_tokens`
--

LOCK TABLES `personal_access_tokens` WRITE;
/*!40000 ALTER TABLE `personal_access_tokens` DISABLE KEYS */;
/*!40000 ALTER TABLE `personal_access_tokens` ENABLE KEYS */;
UNLOCK TABLES;

--
-- Table structure for table `prefixes`
--

DROP TABLE IF EXISTS `prefixes`;
/*!40101 SET @saved_cs_client     = @@character_set_client */;
/*!40101 SET character_set_client = utf8 */;
CREATE TABLE `prefixes` (
  `id` bigint(20) unsigned NOT NULL AUTO_INCREMENT,
  `prefix` varchar(255) COLLATE utf8mb4_unicode_ci NOT NULL,
  `jpn` varchar(255) COLLATE utf8mb4_unicode_ci NOT NULL,
  `created_at` timestamp NULL DEFAULT NULL,
  `updated_at` timestamp NULL DEFAULT NULL,
  PRIMARY KEY (`id`)
) ENGINE=InnoDB AUTO_INCREMENT=114 DEFAULT CHARSET=utf8mb4 COLLATE=utf8mb4_unicode_ci;
/*!40101 SET character_set_client = @saved_cs_client */;

--
-- Dumping data for table `prefixes`
--

LOCK TABLES `prefixes` WRITE;
/*!40000 ALTER TABLE `prefixes` DISABLE KEYS */;
INSERT INTO `prefixes` VALUES (4,'a- / an-','でない / 非 / 無','2023-01-06 15:00:00','2023-01-06 15:00:00'),(5,'a-','へ / に / に向かって','2023-01-06 15:00:00','2023-01-06 15:00:00'),(6,'ab- / abs-','から離れて / から分離して','2023-01-06 15:00:00','2023-01-06 15:00:00'),(7,'ad-','へ / に / に向かって','2023-01-06 15:00:00','2023-01-06 15:00:00'),(8,'ali- / allo- / after-','他のもの / 他方','2023-01-06 15:00:00','2023-01-06 15:00:00'),(9,'ambi- / amb- / amphi','両方の / 周りの','2023-01-06 15:00:00','2023-01-06 15:00:00'),(10,'ana-','上へ / 完全に / 再び / 後方へ / 遡って','2023-01-06 15:00:00','2023-01-06 15:00:00'),(11,'ante-','前の / 前から','2023-01-06 15:00:00','2023-01-06 15:00:00'),(12,'anti-','でない / 反 / 対 / 非','2023-01-06 15:00:00','2023-01-06 15:00:00'),(13,'apo- / ap-','から離れて / の外に','2023-01-06 15:00:00','2023-01-06 15:00:00'),(14,'arch- / archi-','最初の / 原 / 主要な / 極端な','2023-01-06 15:00:00','2023-01-06 15:00:00'),(15,'bene- / bon-','良い / 良好の / 善行な','2023-01-06 15:00:00','2023-01-06 15:00:00'),(16,'caco-','悪い','2023-01-06 15:00:00','2023-01-06 15:00:00'),(17,'cat- / cata- / cath','下へ / 完全に','2023-01-06 15:00:00','2023-01-06 15:00:00'),(18,'circum- / circu','周囲の / 取り巻く / 円','2023-01-06 15:00:00','2023-01-06 15:00:00'),(19,'co-','共に / 共通の /  相互の / 副','2023-01-06 15:00:00','2023-01-06 15:00:00'),(20,'col- / com- / con-','共に / まったく / 完全に','2023-01-06 15:00:00','2023-01-06 15:00:00'),(21,'contra- / counter-','反対の / 逆の / 逆らって','2023-01-06 15:00:00','2023-01-06 15:00:00'),(22,'cosmo-','宇宙 / 世界','2023-01-06 15:00:00','2023-01-06 15:00:00'),(23,'cross-','交差した / 反対の','2023-01-06 15:00:00','2023-01-06 15:00:00'),(24,'cyber-','コンピュータ / ネットワークの','2023-01-06 15:00:00','2023-01-06 15:00:00'),(25,'de-','下に / 反対・否定 / から離れて','2023-01-06 15:00:00','2023-01-06 15:00:00'),(26,'derm- / derma -dermo-','皮膚の','2023-01-06 15:00:00','2023-01-06 15:00:00'),(27,'dextro- / dextr-','右の','2023-01-06 15:00:00','2023-01-06 15:00:00'),(28,'dis- / di-','離れて / 反対の / 非 / 不','2023-01-06 15:00:00','2023-01-06 15:00:00'),(29,'dia-','を通って / 横切って / 間の','2023-01-06 15:00:00','2023-01-06 15:00:00'),(30,'dys-','ひどく / 非常に','2023-01-06 15:00:00','2023-01-06 15:00:00'),(31,'e-','から / 外に','2023-01-06 15:00:00','2023-01-06 15:00:00'),(32,'en-','の中 / 中へ / 近くに','2023-01-06 15:00:00','2023-01-06 15:00:00'),(33,'endo-','内部 / 内','2023-01-06 15:00:00','2023-01-06 15:00:00'),(34,'epi- / ep-','上 / 外側 / 間','2023-01-06 15:00:00','2023-01-06 15:00:00'),(35,'equi-','等しい / 等','2023-01-06 15:00:00','2023-01-06 15:00:00'),(36,'ethno-','民族(の) / 人種(の)','2023-01-06 15:00:00','2023-01-06 15:00:00'),(37,'eu-','良い / 良く','2023-01-06 15:00:00','2023-01-06 15:00:00'),(38,'ex-(地位etc)','前の / 元の','2023-01-06 15:00:00','2023-01-06 15:00:00'),(39,'ex-(超etc)','外に / から / 超[過] / 完全に','2023-01-06 15:00:00','2023-01-06 15:00:00'),(40,'extra- / extro','外の / 範囲外の / 以上の / 以外の','2023-01-06 15:00:00','2023-01-06 15:00:00'),(41,'geo-','地球の / 土地の / 地理の','2023-01-06 15:00:00','2023-01-06 15:00:00'),(42,'hetero-','他の / 異なった / もう一つの','2023-01-06 15:00:00','2023-01-06 15:00:00'),(43,'home-','同一の / 同類の','2023-01-06 15:00:00','2023-01-06 15:00:00'),(44,'hydro-','水の / 水素の','2023-01-06 15:00:00','2023-01-06 15:00:00'),(45,'hyper-','超 / 過度の','2023-01-06 15:00:00','2023-01-06 15:00:00'),(46,'hypo-','過小の / 不足の','2023-01-06 15:00:00','2023-01-06 15:00:00'),(47,'ig- / il- / im- / in- / ir','中に / 上に / 不 / 非 / 無','2023-01-06 15:00:00','2023-01-06 15:00:00'),(48,'infra-','下へ / 低く','2023-01-06 15:00:00','2023-01-06 15:00:00'),(49,'inter-','中で / 間の / 相互に','2023-01-06 15:00:00','2023-01-06 15:00:00'),(50,'intra- / intro-','内部の / 内の','2023-01-06 15:00:00','2023-01-06 15:00:00'),(51,'meta- / met- / meth-','横切って / 超えて / の中で / 変化した','2023-01-06 15:00:00','2023-01-06 15:00:00'),(52,'mele- / mal-','悪い / 不良の / 異常な','2023-01-06 15:00:00','2023-01-06 15:00:00'),(53,'mis-','誤った / 不正な / 嫌う','2023-01-06 15:00:00','2023-01-06 15:00:00'),(54,'multi-','多くの / 複数の / 何倍もの','2023-01-06 15:00:00','2023-01-06 15:00:00'),(55,'ne-','でない','2023-01-06 15:00:00','2023-01-06 15:00:00'),(56,'neo-','次世代の / 新しい / 最新の','2023-01-06 15:00:00','2023-01-06 15:00:00'),(57,'non-','非 / 不 / 無','2023-01-06 15:00:00','2023-01-06 15:00:00'),(58,'ob-','に向かって / の上に / 逆','2023-01-06 15:00:00','2023-01-06 15:00:00'),(59,'omni-','全 / 全体の / 普遍的な / 無限の','2023-01-06 15:00:00','2023-01-06 15:00:00'),(60,'on-','onV → N or A+dv','2023-01-06 15:00:00','2023-01-06 15:00:00'),(61,'ortho-','正しい / 正 / 真っ直ぐな','2023-01-06 15:00:00','2023-01-06 15:00:00'),(62,'out-','out+V or N → 外の / 離れて / 以上に / 完全に','2023-01-06 15:00:00','2023-01-06 15:00:00'),(63,'over-','過度に / の上に / 限度を超えて','2023-01-06 15:00:00','2023-01-06 15:00:00'),(64,'palin-','後ろに / 逆に / 再び','2023-01-06 15:00:00','2023-01-06 15:00:00'),(65,'per-','完全に / すっかり / を通って','2023-01-06 15:00:00','2023-01-06 15:00:00'),(66,'peri-','周囲の / 取り巻く / 円','2023-01-06 15:00:00','2023-01-06 15:00:00'),(67,'phil-','愛 / 愛する / 好きの','2023-01-06 15:00:00','2023-01-06 15:00:00'),(68,'poly-','多くの / 多','2023-01-06 15:00:00','2023-01-06 15:00:00'),(69,'post-','後の / 後ろの','2023-01-06 15:00:00','2023-01-06 15:00:00'),(70,'pre-','以前に / 事前に','2023-01-06 15:00:00','2023-01-06 15:00:00'),(71,'preter-','を超える / 超 / 過去の','2023-01-06 15:00:00','2023-01-06 15:00:00'),(72,'pro-(前にetc)','前に / 前もって / 代わりに','2023-01-06 15:00:00','2023-01-06 15:00:00'),(73,'pro-(賛成のetc)','賛成の / 支持の / 新的','2023-01-06 15:00:00','2023-01-06 15:00:00'),(74,'props-','の方に / の前に / に加えて','2023-01-06 15:00:00','2023-01-06 15:00:00'),(75,'proto-','最初の / 原始の / 第一の','2023-01-06 15:00:00','2023-01-06 15:00:00'),(76,'pseudo-','にせの / 仮の / 疑似の','2023-01-06 15:00:00','2023-01-06 15:00:00'),(77,'quasi-','準 / に準じる / 疑似の','2023-01-06 15:00:00','2023-01-06 15:00:00'),(78,'re-(再びetc)','再び / し直す','2023-01-06 15:00:00','2023-01-06 15:00:00'),(79,'re-(逆にetc)','逆に /反対に  / 反','2023-01-06 15:00:00','2023-01-06 15:00:00'),(80,'retro-','後ろに / 逆に / 再び戻って','2023-01-06 15:00:00','2023-01-06 15:00:00'),(81,'se-','離れて / なしで','2023-01-06 15:00:00','2023-01-06 15:00:00'),(82,'sinistro-','左の','2023-01-06 15:00:00','2023-01-06 15:00:00'),(83,'sino-','中国の','2023-01-06 15:00:00','2023-01-06 15:00:00'),(84,'step-','継 / 血縁のない','2023-01-06 15:00:00','2023-01-06 15:00:00'),(85,'sub-','下の / 下位の / 従属の / 副','2023-01-06 15:00:00','2023-01-06 15:00:00'),(86,'super-','の上にある / 以上の / 超','2023-01-06 15:00:00','2023-01-06 15:00:00'),(87,'supra-','上の / 超えた / 超','2023-01-06 15:00:00','2023-01-06 15:00:00'),(88,'sur-','に加えて / 上に / 乗り越えて','2023-01-06 15:00:00','2023-01-06 15:00:00'),(89,'syn-','共に / 同時に / 似た','2023-01-06 15:00:00','2023-01-06 15:00:00'),(90,'trans-','横切って / 超えて / 向こう側へ / 完全に','2023-01-06 15:00:00','2023-01-06 15:00:00'),(91,'ultra-','超えて / 超 / 範囲外の','2023-01-06 15:00:00','2023-01-06 15:00:00'),(92,'un-(不etc)','のない / でない / 不安 / 無 / 反','2023-01-06 15:00:00','2023-01-06 15:00:00'),(93,'un-(戻すetc)','元に戻す / 反対の状態にする','2023-01-06 15:00:00','2023-01-06 15:00:00'),(94,'un-(強意)','un+V → 強意','2023-01-06 15:00:00','2023-01-06 15:00:00'),(95,'well-','良く / 十分に','2023-01-06 15:00:00','2023-01-06 15:00:00'),(96,'with-','逆らって / 後ろに','2023-01-06 15:00:00','2023-01-06 15:00:00'),(97,'deci-','1/10','2023-01-06 15:00:00','2023-01-06 15:00:00'),(98,'quarter-','1/4','2023-01-06 15:00:00','2023-01-06 15:00:00'),(99,'semi- / hemi-','1/2','2023-01-06 15:00:00','2023-01-06 15:00:00'),(100,'uni- / mono-','1','2023-01-06 15:00:00','2023-01-06 15:00:00'),(101,'bi- / di-','2','2023-01-06 15:00:00','2023-01-06 15:00:00'),(102,'tri-','3','2023-01-06 15:00:00','2023-01-06 15:00:00'),(103,'quadri- / tetra-','4','2023-01-06 15:00:00','2023-01-06 15:00:00'),(104,'quint- / penta-','5','2023-01-06 15:00:00','2023-01-06 15:00:00'),(105,'sex / hexa-','6','2023-01-06 15:00:00','2023-01-06 15:00:00'),(106,'sept- / hepta-','7','2023-01-06 15:00:00','2023-01-06 15:00:00'),(107,'oct- / octa- / octo-','8','2023-01-06 15:00:00','2023-01-06 15:00:00'),(108,'nona- / ennea-','9','2023-01-06 15:00:00','2023-01-06 15:00:00'),(109,'dec-','10','2023-01-06 15:00:00','2023-01-06 15:00:00'),(110,'cent-','100','2023-01-06 15:00:00','2023-01-06 15:00:00'),(111,'milli-','1000','2023-01-06 15:00:00','2023-01-06 15:00:00'),(112,'fore','前に','2023-01-06 15:00:00','2023-01-06 15:00:00'),(113,'in','中に','2023-01-06 15:00:00','2023-01-06 15:00:00');
/*!40000 ALTER TABLE `prefixes` ENABLE KEYS */;
UNLOCK TABLES;

--
-- Table structure for table `roots`
--

DROP TABLE IF EXISTS `roots`;
/*!40101 SET @saved_cs_client     = @@character_set_client */;
/*!40101 SET character_set_client = utf8 */;
CREATE TABLE `roots` (
  `id` bigint(20) unsigned NOT NULL AUTO_INCREMENT,
  `root` varchar(255) COLLATE utf8mb4_unicode_ci NOT NULL,
  `jpn` varchar(255) COLLATE utf8mb4_unicode_ci NOT NULL,
  `created_at` timestamp NULL DEFAULT NULL,
  `updated_at` timestamp NULL DEFAULT NULL,
  PRIMARY KEY (`id`)
) ENGINE=InnoDB AUTO_INCREMENT=22 DEFAULT CHARSET=utf8mb4 COLLATE=utf8mb4_unicode_ci;
/*!40101 SET character_set_client = @saved_cs_client */;

--
-- Dumping data for table `roots`
--

LOCK TABLES `roots` WRITE;
/*!40000 ALTER TABLE `roots` DISABLE KEYS */;
INSERT INTO `roots` VALUES (1,'sta','立つ','2023-01-01 07:06:36','2023-01-01 07:06:36'),(2,'sist/stitu','立つ','2023-01-01 07:06:36','2023-01-01 07:06:36'),(3,'fac','作る/行う','2023-01-01 07:06:36','2023-01-01 07:06:36'),(4,'cap','取る/捕える','2023-01-01 07:06:36','2023-01-01 07:06:36'),(5,'cap','頭/長','2023-01-01 07:06:36','2023-01-01 07:06:36'),(6,'ply','祈る/重ねる/包む','2023-01-01 07:06:36','2023-01-01 07:06:36'),(7,'vert','回る/向ける','2023-01-01 07:06:36','2023-01-01 07:06:36'),(8,'spect','見る','2023-01-01 07:06:36','2023-01-01 07:06:36'),(9,'reg','統治する/正しい/王','2023-01-01 07:06:36','2023-01-01 07:06:36'),(10,'pose','置く','2023-01-01 07:06:36','2023-01-01 07:06:36'),(11,'cede','行く/屈服する/譲る','2023-01-01 07:06:36','2023-01-01 07:06:36'),(12,'act','行う','2023-01-01 07:06:36','2023-01-01 07:06:36'),(13,'tract','引く','2023-01-01 07:06:36','2023-01-01 07:06:36'),(14,'sess','座る','2023-01-01 07:06:36','2023-01-01 07:06:36'),(15,'tain','保つ','2023-01-01 07:06:36','2023-01-01 07:06:36'),(16,'gen','生む/種族','2023-01-01 07:06:36','2023-01-01 07:06:36'),(17,'tend','伸びる/伸ばす/張る','2023-01-01 07:06:36','2023-01-01 07:06:36'),(18,'mit','送る/行かせる/投げる','2023-01-01 07:06:36','2023-01-01 07:06:36'),(19,'pend','ぶら下がる/重さを量る/支払う','2023-01-01 07:06:36','2023-01-01 07:06:36'),(20,'far','運ぶ/耐える/産む','2023-01-01 07:06:36','2023-01-01 07:06:36'),(21,'cur','注意する/気を付ける/治療する','2023-01-01 07:06:36','2023-01-01 07:06:36');
/*!40000 ALTER TABLE `roots` ENABLE KEYS */;
UNLOCK TABLES;

--
-- Table structure for table `suffixes`
--

DROP TABLE IF EXISTS `suffixes`;
/*!40101 SET @saved_cs_client     = @@character_set_client */;
/*!40101 SET character_set_client = utf8 */;
CREATE TABLE `suffixes` (
  `id` bigint(20) unsigned NOT NULL AUTO_INCREMENT,
  `suffix` varchar(255) COLLATE utf8mb4_unicode_ci NOT NULL,
  `jpn` varchar(255) COLLATE utf8mb4_unicode_ci NOT NULL,
  `parse_id` bigint(20) unsigned NOT NULL,
  `created_at` timestamp NULL DEFAULT NULL,
  `updated_at` timestamp NULL DEFAULT NULL,
  PRIMARY KEY (`id`),
  KEY `suffixes_parse_id_foreign` (`parse_id`),
  CONSTRAINT `suffixes_parse_id_foreign` FOREIGN KEY (`parse_id`) REFERENCES `parses` (`id`)
) ENGINE=InnoDB AUTO_INCREMENT=83 DEFAULT CHARSET=utf8mb4 COLLATE=utf8mb4_unicode_ci;
/*!40101 SET character_set_client = @saved_cs_client */;

--
-- Dumping data for table `suffixes`
--

LOCK TABLES `suffixes` WRITE;
/*!40000 ALTER TABLE `suffixes` DISABLE KEYS */;
INSERT INTO `suffixes` VALUES (2,'-able / -ible','~できる / ~されやすい / ~に値する',4,'2023-01-06 15:00:00','2023-01-06 15:00:00'),(3,'-age','~の状態 / ~の結果 / 数量',1,'2023-01-06 15:00:00','2023-01-06 15:00:00'),(4,'-al','~の性質の / ~のような / ~すること(n)',4,'2023-01-06 15:00:00','2023-01-06 15:00:00'),(5,'-an','~の / ~出身の / 人(n) / ~の熟練者(n)',4,'2023-01-06 15:00:00','2023-01-06 15:00:00'),(6,'-ance','~な性質 / ~のようなもの',1,'2023-01-06 15:00:00','2023-01-06 15:00:00'),(7,'-ancy','~な性質 / ~の状態',1,'2023-01-06 15:00:00','2023-01-06 15:00:00'),(8,'-ant','~する人 / ~するもの / ~する(adj)',1,'2023-01-06 15:00:00','2023-01-06 15:00:00'),(9,'-ar','~する人 / ~の(adj) / ~の性質の(adj)',1,'2023-01-06 15:00:00','2023-01-06 15:00:00'),(10,'-ard','過度に~する人',1,'2023-01-06 15:00:00','2023-01-06 15:00:00'),(11,'-ary','~に関係する人・場所 / ~に関する(adj)',1,'2023-01-06 15:00:00','2023-01-06 15:00:00'),(12,'-ate','~の職の人 / ~を示す・~に満ちた(adj) / ~にする(v)',1,'2023-01-06 15:00:00','2023-01-06 15:00:00'),(13,'-bound','~に向かう / ~行きの',4,'2023-01-06 15:00:00','2023-01-06 15:00:00'),(14,'-bound(bind pp)','~に閉ざされた / ~に縛られた',4,'2023-01-06 15:00:00','2023-01-06 15:00:00'),(15,'-cle / -cule / -ule / kin','小さいもの',1,'2023-01-06 15:00:00','2023-01-06 15:00:00'),(16,'-cracy','~支配 / ~政治',1,'2023-01-06 15:00:00','2023-01-06 15:00:00'),(17,'-dom','~の地位 / ~の状態 / ~領',1,'2023-01-06 15:00:00','2023-01-06 15:00:00'),(18,'-ed','pp / N+ed → ~を持った / ~のある',4,'2023-01-06 15:00:00','2023-01-06 15:00:00'),(19,'-ee','~の状態にある人',1,'2023-01-06 15:00:00','2023-01-06 15:00:00'),(20,'-eer','~に関係する人',1,'2023-01-06 15:00:00','2023-01-06 15:00:00'),(21,'-elect','次期の / 当選した',1,'2023-01-06 15:00:00','2023-01-06 15:00:00'),(22,'-en','小さい~ / N+en → ~でできている・~製の(adj) / Adv or N+en → ~にする・~になる(v)',1,'2023-01-06 15:00:00','2023-01-06 15:00:00'),(23,'-ence / -ency','~な性質 / ~のようなもの',1,'2023-01-06 15:00:00','2023-01-06 15:00:00'),(24,'-ent','V+ent → 性質・状態(adj) / 行為・行為者(n)',4,'2023-01-06 15:00:00','2023-01-06 15:00:00'),(25,'-er','~する人 / ~する物 / ~に関係する人 / ~出身者',1,'2023-01-06 15:00:00','2023-01-06 15:00:00'),(26,'-ery','~の状態 / ~類 / ~の場所 / ~の製品 / ~の仕事',1,'2023-01-06 15:00:00','2023-01-06 15:00:00'),(27,'-escent','~し始めた / ~になりかかりの / ~性の',4,'2023-01-06 15:00:00','2023-01-06 15:00:00'),(28,'-esque','N+esque → ~のような・~に似た・~風の',4,'2023-01-06 15:00:00','2023-01-06 15:00:00'),(29,'-ess','N(人・動物)+ess → その女性形',1,'2023-01-06 15:00:00','2023-01-06 15:00:00'),(30,'-ette','小型の / 女性の / 代用品の / 模造の',1,'2023-01-06 15:00:00','2023-01-06 15:00:00'),(31,'-fold','~倍(の、に) / ~重(の、に) (adj・adv・n)',4,'2023-01-06 15:00:00','2023-01-06 15:00:00'),(32,'-free','~のない / ~が含まれていない',4,'2023-01-06 15:00:00','2023-01-06 15:00:00'),(33,'-friendly','~に優しい / ~向きの',4,'2023-01-06 15:00:00','2023-01-06 15:00:00'),(34,'-ful','~に満ちた / ~の傾向がある / ~の性質を持つ / ~に一杯の量(n)',4,'2023-01-06 15:00:00','2023-01-06 15:00:00'),(35,'-fy','~にする / ~化する',3,'2023-01-06 15:00:00','2023-01-06 15:00:00'),(36,'-head','~の頭 / ~のはじまり / ~であること',1,'2023-01-06 15:00:00','2023-01-06 15:00:00'),(37,'-hood','性質 / 階級 / 状態 / 身分',1,'2023-01-06 15:00:00','2023-01-06 15:00:00'),(38,'-ial /-ian','~の / ~のような / ~の性質の',4,'2023-01-06 15:00:00','2023-01-06 15:00:00'),(39,'-ic / -ical','~のような / ~の性質の',4,'2023-01-06 15:00:00','2023-01-06 15:00:00'),(40,'-ice','行為 / 状態 / 性質',1,'2023-01-06 15:00:00','2023-01-06 15:00:00'),(41,'-ics','学 / 術',1,'2023-01-06 15:00:00','2023-01-06 15:00:00'),(42,'-id','状態',4,'2023-01-06 15:00:00','2023-01-06 15:00:00'),(43,'-ier','~を業とする人 / ~をするもの',1,'2023-01-06 15:00:00','2023-01-06 15:00:00'),(44,'-ile','~できる / ~に適した / ~に関する',4,'2023-01-06 15:00:00','2023-01-06 15:00:00'),(45,'-ine','女性名詞 / ~の・~に関する(adj) ',1,'2023-01-06 15:00:00','2023-01-06 15:00:00'),(46,'-ing','すること',1,'2023-01-06 15:00:00','2023-01-06 15:00:00'),(47,'-ion','~した状態 / ~であること',1,'2023-01-06 15:00:00','2023-01-06 15:00:00'),(48,'-ish','国or地域+ish → ~に属する / ~のような(adj) / Adj+ish → やや~の・~気味の / 数詞+ish → 約',4,'2023-01-06 15:00:00','2023-01-06 15:00:00'),(49,'-ism','主義 / 信条',1,'2023-01-06 15:00:00','2023-01-06 15:00:00'),(50,'-ist','~を行う人 / ~に関係している人 / ~の専門家',1,'2023-01-06 15:00:00','2023-01-06 15:00:00'),(51,'-ite','人+ite → ~の信奉者 / 地名+ite → ~生まれの人',1,'2023-01-06 15:00:00','2023-01-06 15:00:00'),(52,'-ity','Adj+ity → 性質 / 状態 / 程度',1,'2023-01-06 15:00:00','2023-01-06 15:00:00'),(53,'-ive','~の性質の(adj・v)',4,'2023-01-06 15:00:00','2023-01-06 15:00:00'),(54,'-ize','~になる / ~化する / ~の状態にする',3,'2023-01-06 15:00:00','2023-01-06 15:00:00'),(55,'-less','~を持たない / ~のない / ~できない',4,'2023-01-06 15:00:00','2023-01-06 15:00:00'),(56,'-let','小さい物 / ~飾り',1,'2023-01-06 15:00:00','2023-01-06 15:00:00'),(57,'-like','~のような / ~に適した(adj・adv)',4,'2023-01-06 15:00:00','2023-01-06 15:00:00'),(58,'-ly','Adj+ly → ~のようすで・~に(adv) / ~のような / ~毎に',4,'2023-01-06 15:00:00','2023-01-06 15:00:00'),(59,'-ment','~の動作 / 結果 / 状態 / 手段',1,'2023-01-06 15:00:00','2023-01-06 15:00:00'),(60,'-meter','~メートル / 計器',1,'2023-01-06 15:00:00','2023-01-06 15:00:00'),(61,'-most','最も',4,'2023-01-06 15:00:00','2023-01-06 15:00:00'),(62,'-ness','状態 / 性質',1,'2023-01-06 15:00:00','2023-01-06 15:00:00'),(63,'-nomy','学 / 法',1,'2023-01-06 15:00:00','2023-01-06 15:00:00'),(64,'-or','~する人 / ~するもの',1,'2023-01-06 15:00:00','2023-01-06 15:00:00'),(65,'-ose','~の性質を持つ',4,'2023-01-06 15:00:00','2023-01-06 15:00:00'),(66,'-ous','~の多い / ~性の',4,'2023-01-06 15:00:00','2023-01-06 15:00:00'),(67,'-osis','状態 / 過程 / 病気',1,'2023-01-06 15:00:00','2023-01-06 15:00:00'),(68,'-philia','~への偏愛',1,'2023-01-06 15:00:00','2023-01-06 15:00:00'),(69,'-phobia','恐怖症',1,'2023-01-06 15:00:00','2023-01-06 15:00:00'),(70,'-polis','都市',1,'2023-01-06 15:00:00','2023-01-06 15:00:00'),(71,'-scope','~鏡',1,'2023-01-06 15:00:00','2023-01-06 15:00:00'),(72,'-ship','職 / 状態 / 技術 / ~の数',1,'2023-01-06 15:00:00','2023-01-06 15:00:00'),(73,'-sion','状態 / 動作 / 結果',1,'2023-01-06 15:00:00','2023-01-06 15:00:00'),(74,'-some','~に適した / ~しやすい',4,'2023-01-06 15:00:00','2023-01-06 15:00:00'),(75,'-ster','~する人 / ~に関係のある人',1,'2023-01-06 15:00:00','2023-01-06 15:00:00'),(76,'-th','性質 / 状態 / 行動',1,'2023-01-06 15:00:00','2023-01-06 15:00:00'),(77,'-tion','状態 / 動作 / 結果',1,'2023-01-06 15:00:00','2023-01-06 15:00:00'),(78,'-tude','状態 / 性質',1,'2023-01-06 15:00:00','2023-01-06 15:00:00'),(79,'-ty','性質 / 状態 / 度合い',1,'2023-01-06 15:00:00','2023-01-06 15:00:00'),(80,'-ure','状態 / 行動 / 結果',1,'2023-01-06 15:00:00','2023-01-06 15:00:00'),(81,'-wise','~のように / ~の方向に / ~に関して(adj・adv)',4,'2023-01-06 15:00:00','2023-01-06 15:00:00'),(82,'-y','~に満ちた / ~の傾向にある / 行為・状態(n)',4,'2023-01-06 15:00:00','2023-01-06 15:00:00');
/*!40000 ALTER TABLE `suffixes` ENABLE KEYS */;
UNLOCK TABLES;

--
-- Table structure for table `types`
--

DROP TABLE IF EXISTS `types`;
/*!40101 SET @saved_cs_client     = @@character_set_client */;
/*!40101 SET character_set_client = utf8 */;
CREATE TABLE `types` (
  `id` bigint(20) unsigned NOT NULL AUTO_INCREMENT,
  `type` varchar(255) COLLATE utf8mb4_unicode_ci NOT NULL,
  `created_at` timestamp NULL DEFAULT NULL,
  `updated_at` timestamp NULL DEFAULT NULL,
  PRIMARY KEY (`id`)
) ENGINE=InnoDB AUTO_INCREMENT=3 DEFAULT CHARSET=utf8mb4 COLLATE=utf8mb4_unicode_ci;
/*!40101 SET character_set_client = @saved_cs_client */;

--
-- Dumping data for table `types`
--

LOCK TABLES `types` WRITE;
/*!40000 ALTER TABLE `types` DISABLE KEYS */;
INSERT INTO `types` VALUES (1,'word','2022-12-26 07:25:27','2022-12-26 07:25:27'),(2,'idiom','2022-12-26 07:25:27','2022-12-26 07:25:27');
/*!40000 ALTER TABLE `types` ENABLE KEYS */;
UNLOCK TABLES;

--
-- Table structure for table `users`
--

DROP TABLE IF EXISTS `users`;
/*!40101 SET @saved_cs_client     = @@character_set_client */;
/*!40101 SET character_set_client = utf8 */;
CREATE TABLE `users` (
  `id` bigint(20) unsigned NOT NULL AUTO_INCREMENT,
  `name` varchar(255) COLLATE utf8mb4_unicode_ci NOT NULL,
  `email` varchar(255) COLLATE utf8mb4_unicode_ci NOT NULL,
  `email_verified_at` timestamp NULL DEFAULT NULL,
  `password` varchar(255) COLLATE utf8mb4_unicode_ci NOT NULL,
  `remember_token` varchar(100) COLLATE utf8mb4_unicode_ci DEFAULT NULL,
  `created_at` timestamp NULL DEFAULT NULL,
  `updated_at` timestamp NULL DEFAULT NULL,
  PRIMARY KEY (`id`),
  UNIQUE KEY `users_email_unique` (`email`)
) ENGINE=InnoDB AUTO_INCREMENT=2 DEFAULT CHARSET=utf8mb4 COLLATE=utf8mb4_unicode_ci;
/*!40101 SET character_set_client = @saved_cs_client */;

--
-- Dumping data for table `users`
--

LOCK TABLES `users` WRITE;
/*!40000 ALTER TABLE `users` DISABLE KEYS */;
INSERT INTO `users` VALUES (1,'Takaki','a@gmail.com',NULL,'392sjadyou82',NULL,'2022-12-27 02:32:29','2022-12-27 02:32:29');
/*!40000 ALTER TABLE `users` ENABLE KEYS */;
UNLOCK TABLES;

--
-- Table structure for table `word_fixes`
--

DROP TABLE IF EXISTS `word_fixes`;
/*!40101 SET @saved_cs_client     = @@character_set_client */;
/*!40101 SET character_set_client = utf8 */;
CREATE TABLE `word_fixes` (
  `id` bigint(20) unsigned NOT NULL AUTO_INCREMENT,
  `eng` varchar(255) COLLATE utf8mb4_unicode_ci NOT NULL,
  `jpn` varchar(255) COLLATE utf8mb4_unicode_ci NOT NULL,
  `correctCount` int(11) NOT NULL,
  `type_id` bigint(20) unsigned NOT NULL,
  `parse_id` bigint(20) unsigned NOT NULL,
  `fix_id` bigint(20) unsigned NOT NULL,
  `created_at` timestamp NULL DEFAULT NULL,
  `updated_at` timestamp NULL DEFAULT NULL,
  `user_id` bigint(20) unsigned NOT NULL,
  `root_id` bigint(20) unsigned DEFAULT NULL,
  `suffix_id` bigint(20) unsigned DEFAULT NULL,
  `prefix_id` bigint(20) unsigned DEFAULT NULL,
  `sentence` varchar(255) COLLATE utf8mb4_unicode_ci NOT NULL,
  `origin_id` int(11) DEFAULT NULL,
  `word_origin_id` bigint(20) unsigned DEFAULT NULL,
  PRIMARY KEY (`id`),
  KEY `word_fixes_type_id_foreign` (`type_id`),
  KEY `word_fixes_parse_id_foreign` (`parse_id`),
  KEY `word_fixes_fix_id_foreign` (`fix_id`),
  KEY `word_fixes_user_id_foreign` (`user_id`),
  KEY `word_fixes_root_id_foreign` (`root_id`),
  KEY `word_fixes_suffix_id_foreign` (`suffix_id`),
  KEY `word_fixes_prefix_id_foreign` (`prefix_id`),
  KEY `word_fixes_word_origin_id_foreign` (`word_origin_id`),
  CONSTRAINT `word_fixes_fix_id_foreign` FOREIGN KEY (`fix_id`) REFERENCES `fixes` (`id`),
  CONSTRAINT `word_fixes_parse_id_foreign` FOREIGN KEY (`parse_id`) REFERENCES `parses` (`id`),
  CONSTRAINT `word_fixes_prefix_id_foreign` FOREIGN KEY (`prefix_id`) REFERENCES `prefixes` (`id`),
  CONSTRAINT `word_fixes_root_id_foreign` FOREIGN KEY (`root_id`) REFERENCES `roots` (`id`),
  CONSTRAINT `word_fixes_suffix_id_foreign` FOREIGN KEY (`suffix_id`) REFERENCES `suffixes` (`id`),
  CONSTRAINT `word_fixes_type_id_foreign` FOREIGN KEY (`type_id`) REFERENCES `types` (`id`),
  CONSTRAINT `word_fixes_user_id_foreign` FOREIGN KEY (`user_id`) REFERENCES `users` (`id`),
  CONSTRAINT `word_fixes_word_origin_id_foreign` FOREIGN KEY (`word_origin_id`) REFERENCES `word_origins` (`id`)
) ENGINE=InnoDB AUTO_INCREMENT=799 DEFAULT CHARSET=utf8mb4 COLLATE=utf8mb4_unicode_ci;
/*!40101 SET character_set_client = @saved_cs_client */;

--
-- Dumping data for table `word_fixes`
--

LOCK TABLES `word_fixes` WRITE;
/*!40000 ALTER TABLE `word_fixes` DISABLE KEYS */;
INSERT INTO `word_fixes` VALUES (14,'express','表現する',0,1,3,1,'2022-12-27 02:42:27','2022-12-27 02:42:27',1,NULL,NULL,NULL,'The artist drew pictures to express his ideas.',NULL,NULL),(15,'ancestor','先祖',0,1,1,1,'2022-12-27 02:42:27','2022-12-27 02:42:27',1,NULL,NULL,NULL,'My ancestors originally came from Israel.',NULL,NULL),(16,'bit','少しの',0,1,1,1,'2022-12-27 02:42:27','2022-12-27 02:42:27',1,NULL,NULL,NULL,'I am a bit tired.',NULL,NULL),(17,'past','過去の',3,1,4,1,'2022-12-27 02:42:27','2023-01-06 06:30:11',1,NULL,NULL,NULL,'Past is past.',NULL,NULL),(18,'least','ついに / 最小の',3,1,4,1,'2022-12-27 02:42:27','2022-12-29 22:29:14',1,NULL,NULL,NULL,'It is the least I can do.',NULL,NULL),(19,'nod','頷く',3,1,3,1,'2022-12-27 02:46:27','2023-01-03 01:33:28',1,NULL,NULL,NULL,'Nod your head. Good! That means \"Yes\".',NULL,NULL),(21,'consider','よく考える / 考える / 考慮する',0,1,3,2,'2022-12-27 02:47:45','2022-12-27 02:47:45',1,NULL,NULL,NULL,'Please consider my proposal.',NULL,NULL),(23,'according to','によると / によれば / に従って',1,2,11,2,'2022-12-27 03:09:26','2023-01-06 04:12:08',1,NULL,NULL,NULL,'According to my friend, there is a good restaurant around here.',NULL,NULL),(24,'gradually','徐々に / 段々と / 少しずつ',2,1,5,2,'2022-12-27 03:11:02','2022-12-29 22:35:00',1,NULL,NULL,NULL,'She gradually began opening up to me.',NULL,NULL),(25,'complicate','複雑にする / 複雑にさせる / 困難にする / 困難にさせる',1,1,3,2,'2022-12-27 03:11:38','2023-01-06 04:05:07',1,NULL,NULL,NULL,'Do not complicate things.',NULL,NULL),(26,'appropriate','適切な / 適した',1,1,4,2,'2022-12-27 03:12:22','2023-01-10 04:49:02',1,NULL,NULL,NULL,'This textbook is appropriate for a beginner-level student.',NULL,NULL),(27,'proper','適切な / 適した / 本来の',1,1,4,2,'2022-12-27 03:12:41','2023-01-06 06:25:15',1,NULL,NULL,NULL,'Proper education is to facilitate self-education.',NULL,NULL),(28,'prevent','防ぐ / 防止する / 止める',1,1,3,2,'2022-12-27 03:12:57','2022-12-29 23:00:02',1,NULL,NULL,70,'This software prevents other users from accessing someones mail.',NULL,NULL),(29,'election','選挙 / 選択',2,1,1,2,'2022-12-27 03:13:10','2023-01-03 01:38:36',1,NULL,47,NULL,'The election campaign is heating up.',NULL,NULL),(30,'impress','感動させる / 好印象を与える / 感銘を与える',0,1,3,2,'2022-12-27 03:13:29','2022-12-27 03:13:29',1,NULL,NULL,47,'I was very impressed by his cording.',NULL,NULL),(31,'divide','分割する / 分離する / 分ける / 分類する',3,1,3,1,'2022-12-27 03:13:55','2023-01-06 06:37:41',1,NULL,NULL,NULL,'Divide each difficulty.',NULL,NULL),(32,'unite','結合する / 合体させる / 合体する / 力を合わせる',0,1,3,2,'2022-12-27 03:14:22','2022-12-27 03:14:22',1,NULL,51,100,'As a result, the international community decided to unite our efforts to prevent and eradicate terrorism.',NULL,NULL),(33,'stomach','胃',5,1,1,2,'2022-12-27 03:14:31','2023-01-03 01:38:36',1,NULL,NULL,NULL,'The function of the stomach is to digest food.',NULL,NULL),(34,'consist','成り立つ / 存在する / 成る / 構成する',0,1,3,2,'2022-12-27 03:14:53','2022-12-27 03:14:53',1,NULL,NULL,NULL,'The band consisted of five people.',NULL,NULL),(35,'wisdom','知恵 / 見識 / 常識',0,1,1,2,'2022-12-27 03:15:10','2022-12-27 03:15:10',1,NULL,NULL,NULL,'Wisdom is knowledge plus experience.',NULL,NULL),(36,'depend','頼る / 頼りにする / 信頼する',2,1,3,2,'2022-12-27 03:16:13','2023-01-06 06:27:37',1,NULL,NULL,NULL,'Depend entirely on your partner.',NULL,NULL),(37,'absorb','吸収する / 取り入れる',3,1,3,1,'2022-12-27 03:16:25','2023-01-03 02:04:19',1,NULL,NULL,NULL,'Children absorb new words more quickly than adults.',NULL,NULL),(38,'pity','残念 / 同情',0,1,1,2,'2022-12-27 03:16:37','2022-12-29 22:30:09',1,NULL,NULL,NULL,'It is a pity you can not come.',NULL,NULL),(39,'remain','のまま / 残る / 残す',1,1,3,2,'2022-12-27 03:17:03','2022-12-29 22:54:45',1,NULL,NULL,78,'We must preserve the environment and wildlife.',NULL,NULL),(40,'preserve','保存する / 維持する / 保護する / 守る',3,1,3,1,'2022-12-27 03:17:28','2023-01-06 06:25:15',1,NULL,NULL,NULL,'Fridges preserve food from decay.',NULL,NULL),(41,'ordinary','普通の / 通常の / 平凡な / ありふれた',1,1,4,2,'2022-12-27 03:17:47','2023-01-03 01:33:28',1,NULL,11,NULL,'After losing my family, I finally realized how great an ordinary happiness is.',NULL,NULL),(42,'caution','警告する / 戒める / 注意する',2,1,3,2,'2022-12-27 03:18:11','2023-01-10 04:49:02',1,NULL,NULL,NULL,'Let me caution you.',NULL,NULL),(43,'fear','恐れる / 恐怖',2,1,1,2,'2022-12-27 03:18:33','2023-01-06 04:05:07',1,NULL,NULL,NULL,'Nothing in life is to be feared.',NULL,NULL),(44,'bill','請求書',0,1,1,2,'2022-12-27 03:18:52','2022-12-29 22:35:00',1,NULL,NULL,NULL,'The electricity will be cut off if you do not pay the bill.',NULL,NULL),(45,'plenty','たくさんの / 十分な / かなりの',0,1,1,2,'2022-12-27 03:19:12','2022-12-27 03:19:12',1,NULL,NULL,NULL,'There is plenty of fresh air there.',NULL,NULL),(46,'ill','病気な / 不健康な / 病気的な',0,1,4,2,'2022-12-27 03:19:37','2022-12-27 03:19:37',1,NULL,NULL,47,'Ill news has wings.',NULL,NULL),(47,'disease','病気 / 疾患',2,1,1,2,'2022-12-27 03:20:54','2023-01-06 06:22:52',1,NULL,NULL,28,'A disease known is half cured.',NULL,NULL),(48,' literature','文献 / 文学',0,1,1,2,'2022-12-27 03:21:49','2022-12-29 22:30:09',1,NULL,80,NULL,'literature database',NULL,NULL),(49,'clerk','事務員 / 店員 / 職員',1,1,1,2,'2022-12-27 03:22:15','2023-01-03 02:04:19',1,NULL,NULL,NULL,'The clerk asked me to wait a moment.',NULL,NULL),(50,'occur','起こる / 発生する / 起きる / 生じる',2,1,3,2,'2022-12-27 03:23:18','2022-12-29 23:04:34',1,NULL,NULL,NULL,'Error occurred while deleting rows.',NULL,NULL),(51,'priest','神父 / 聖職者 / 牧師',1,1,1,2,'2022-12-27 03:23:54','2022-12-29 23:04:34',1,NULL,NULL,NULL,'catholic priest',NULL,NULL),(52,'stuff','詰め込む / 詰める / もの',1,1,3,2,'2022-12-27 03:24:48','2022-12-29 23:04:34',1,NULL,NULL,NULL,'I am going shopping. I have to get some stuff.',NULL,NULL),(53,'council','議会 / 会議',0,1,1,2,'2022-12-27 03:25:18','2022-12-27 04:37:52',1,NULL,NULL,NULL,'The council voted to pass the bill.',NULL,NULL),(54,'experiment','実験',2,1,1,2,'2022-12-27 03:25:32','2023-01-06 06:37:41',1,NULL,59,NULL,'The experiment aroused child interest.',NULL,NULL),(55,'boring','退屈な / つまらない / 面白くない / 暇な',2,1,4,2,'2022-12-27 03:25:50','2023-01-06 06:40:00',1,NULL,NULL,NULL,'Life would be boring if you were not around anymore.',NULL,NULL),(56,'means','方法 / 手段 / 手法',0,1,1,2,'2022-12-27 03:26:24','2022-12-29 23:05:37',1,NULL,NULL,NULL,'means of and deadline for paying the interest.',NULL,NULL),(57,'earn','稼ぐ / お金を得る',0,1,3,2,'2022-12-27 03:26:39','2022-12-27 03:26:39',1,NULL,NULL,NULL,'You can earn a lot of money.',NULL,NULL),(58,'ambulance','救急車',2,1,1,2,'2022-12-27 03:27:08','2023-01-02 05:50:10',1,NULL,NULL,NULL,'ambulance siren',NULL,NULL),(59,'suffer','苦しむ / 苦痛を感じる / 患う',2,1,3,2,'2022-12-27 03:27:32','2022-12-29 23:03:59',1,NULL,NULL,NULL,'She suffers from headaches.',NULL,NULL),(60,'equipment','装備 / 設備 / 装置',3,1,1,1,'2022-12-27 03:27:53','2023-01-03 01:36:01',1,NULL,NULL,NULL,'Their equipment is the most modern available.',NULL,NULL),(61,'drawing','絵画 / 引くこと / 描くこと',3,1,1,1,'2022-12-27 03:28:15','2023-01-06 06:27:37',1,NULL,NULL,NULL,'Drawing is an easy way to develop your creativity.',NULL,NULL),(62,'republic','共和国 / 共和制',2,1,1,2,'2022-12-27 03:28:28','2022-12-29 23:03:59',1,NULL,NULL,NULL,'After the long revolution, the country became a republic',NULL,NULL),(63,'bamboo','竹',3,1,1,1,'2022-12-27 03:28:36','2023-01-06 06:41:42',1,NULL,NULL,NULL,'Bamboo groves are especially beautiful.',NULL,NULL),(64,'ruin','破壊する / 台無しにする / 破滅する / 滅ぶ',1,1,3,2,'2022-12-27 03:28:59','2023-01-06 06:32:48',1,NULL,NULL,NULL,'I do not want to ruin that.',NULL,NULL),(65,'participate','参加する / 加わる / 参画する',0,1,3,2,'2022-12-27 03:29:11','2022-12-27 03:29:11',1,NULL,NULL,NULL,'Anybody who would like to participate can participate.',NULL,NULL),(66,'composition','構成 / 組成 / 組織',1,1,1,2,'2022-12-27 03:29:47','2023-01-03 04:18:20',1,NULL,47,20,'The company announced the change to the composition of the board of directors.',NULL,NULL),(67,'stair','階段',1,1,1,2,'2022-12-27 03:30:33','2023-01-03 04:14:27',1,NULL,NULL,NULL,'Where do these stairs lead to?',NULL,NULL),(68,'pollution','汚染 / 公害',0,1,1,2,'2022-12-27 03:30:48','2022-12-29 22:29:59',1,NULL,77,NULL,'Air pollution is a problem in this city.',NULL,NULL),(69,'bother','悩ます / 悩む / 思い悩む / 困らせる',0,1,3,2,'2022-12-27 03:31:12','2022-12-27 03:31:12',1,NULL,NULL,NULL,'Do not let it bother you.',NULL,NULL),(70,'upset','ひっくり返す / 混乱させる / 動揺させる / 動揺する',0,1,3,2,'2022-12-27 03:32:03','2022-12-27 03:32:03',1,NULL,NULL,NULL,'I hope he did not upset you.',NULL,NULL),(71,'concern','心配させる / 気を遣う / 懸念する / 関係する',0,1,3,2,'2022-12-27 03:32:58','2022-12-27 03:32:58',1,NULL,NULL,NULL,'It does not concern me.',NULL,NULL),(72,'matter','事柄 / 重要 / 問題',1,1,1,2,'2022-12-27 03:34:29','2022-12-29 23:04:34',1,NULL,NULL,NULL,'For us it is a matter of life and death.',NULL,NULL),(73,'concentrate','集中する / 強まる',1,1,1,2,'2022-12-27 03:34:47','2023-01-06 06:30:11',1,NULL,NULL,20,'In yoga, you must concentrate on your breathing.',NULL,NULL),(74,'invent','発明する / 考案する / 創出する / 生み出す',0,1,3,2,'2022-12-27 03:35:05','2022-12-29 22:34:52',1,NULL,NULL,NULL,'Andreessen Horowitz invented the www.',NULL,NULL),(75,'cough','咳をする / 咳する',2,1,3,2,'2022-12-27 03:38:34','2023-01-06 06:27:37',1,NULL,NULL,NULL,'cough a little',NULL,NULL),(76,'ever','今までに / これまで / かつて',1,1,5,2,'2022-12-27 03:38:49','2023-01-06 06:30:11',1,NULL,NULL,NULL,'Have you ever been to Vietnam?',NULL,NULL),(77,'direction','方向性 / 方角',0,1,1,2,'2022-12-27 03:39:06','2022-12-27 04:37:52',1,NULL,77,NULL,'Which direction is the wind blowing from?',NULL,NULL),(78,'arctic','北極圏',0,1,1,2,'2022-12-27 03:39:28','2022-12-29 22:26:42',1,NULL,NULL,NULL,'arctic expedition',NULL,NULL),(79,'whatever','何でも / どうでもいい / 何であれ',1,1,2,2,'2022-12-27 03:40:19','2023-01-06 03:26:05',1,NULL,NULL,NULL,'Think whatever you like.',NULL,NULL),(80,'degree','程度 / 過程 / レベル',1,1,1,2,'2022-12-27 03:40:42','2022-12-27 04:37:52',1,NULL,23,NULL,'degree of damage',NULL,NULL),(81,'even','でさえ / ですら',1,1,5,2,'2022-12-27 03:41:05','2023-01-03 04:18:20',1,NULL,NULL,NULL,'Even a child can do it.',NULL,NULL),(82,'likely','しそう / 起こり得る / ふさわしい / ありそう / 適した',0,1,4,2,'2022-12-27 03:41:44','2022-12-27 03:41:44',1,NULL,58,NULL,'At this moment it does not seem likely, but you should never say never.',NULL,NULL),(83,'anymore','もはやない / これ以上ない / もうしない',0,1,5,2,'2022-12-27 03:42:19','2022-12-27 03:42:19',1,NULL,NULL,NULL,'I can not wait anymore.',NULL,NULL),(84,'soil','土壌',2,1,1,2,'2022-12-27 03:42:30','2023-01-06 06:40:00',1,NULL,NULL,NULL,'Soil and climate are the essential factors that affect vegetation growth.',NULL,NULL),(85,'fortune','富 / 財産 / お金',1,1,1,2,'2022-12-27 03:42:47','2023-01-06 04:05:07',1,NULL,NULL,NULL,'He made his fortune in the computing business.',NULL,NULL),(86,'absence','不在 / 留守 / 病欠 / 欠席',0,1,1,2,'2022-12-27 03:43:04','2022-12-27 03:43:04',1,NULL,NULL,6,'Absence of some members can not be avoided.',NULL,NULL),(87,'surround','取り囲む / 囲む',1,1,3,2,'2022-12-27 03:43:23','2023-01-06 06:32:48',1,NULL,NULL,NULL,'My house is surrounded by trees.',NULL,NULL),(88,'poverty','貧乏 / 貧困',2,1,1,2,'2022-12-27 03:43:39','2023-01-10 04:49:02',1,NULL,79,NULL,'poverty of spirit',NULL,NULL),(89,'bury','埋める / 失う / 葬る',3,1,3,1,'2022-12-27 03:43:52','2023-01-06 02:35:37',1,NULL,NULL,NULL,'Bury raw garbage in the earth to make compost.',NULL,NULL),(90,'lay','横たわる / 置く / せいにする',2,1,3,2,'2022-12-27 03:44:23','2023-01-03 01:36:01',1,NULL,NULL,NULL,'Lay down on the ground!',NULL,NULL),(91,'artifical','人工の / 人工的な',0,1,4,2,'2022-12-27 03:44:49','2022-12-27 03:44:49',1,NULL,39,NULL,'artificial image',NULL,NULL),(92,'passage','廊下 / 通路',3,1,1,1,'2022-12-27 03:45:19','2023-01-03 01:52:09',1,NULL,NULL,NULL,'passage leading from A to B',NULL,NULL),(93,'instrument','道具 / 器具 / 計器',2,1,1,2,'2022-12-27 03:45:44','2022-12-29 22:57:43',1,NULL,59,NULL,'It is instrument for recording a music.',NULL,NULL),(94,'quite','全く / かなり / すごく / とても',1,1,5,2,'2022-12-27 03:46:03','2023-01-03 01:36:01',1,NULL,NULL,NULL,'That is quite right.',NULL,NULL),(95,'mayor','市長 / 町長',0,1,1,2,'2022-12-27 03:46:17','2022-12-27 03:46:17',1,NULL,NULL,NULL,'The mayor was elected three times in a row.',NULL,NULL),(96,'bow','頭を下げる / お辞儀する / 会釈する',3,1,3,1,'2022-12-27 03:46:31','2023-01-03 01:26:54',1,NULL,NULL,NULL,'I bow back to him.',NULL,NULL),(97,'attachment','取り付け / 付属品 / 愛着 / 添付ファイル',3,1,1,1,'2022-12-27 03:47:00','2022-12-29 23:00:02',1,NULL,NULL,NULL,'Attachment not found.',NULL,NULL),(98,'configure','構成する / 設定する',0,1,3,2,'2022-12-27 03:47:18','2022-12-29 22:28:00',1,NULL,NULL,19,'Your account has been configured properly.',NULL,NULL),(99,'disable','無効にする / 停止させる / 使用できなくする / 失格にする',0,1,3,2,'2022-12-27 03:47:31','2022-12-29 22:34:52',1,NULL,2,28,'Set to null to disable it.',NULL,NULL),(100,'discard','捨てる / 廃棄する / 閉じる',1,1,3,2,'2022-12-27 03:47:55','2023-01-06 06:34:56',1,NULL,NULL,28,'Discard changes?',NULL,NULL),(101,'dismiss','却下する / 閉じる / 片付ける',0,1,3,2,'2022-12-27 03:48:37','2022-12-27 03:48:37',1,NULL,NULL,28,'Click to dismiss the window.',NULL,NULL),(102,'had better','した方がいい',0,2,11,2,'2022-12-27 03:49:20','2022-12-27 03:49:20',1,NULL,NULL,NULL,'I had better stay at home and study tonight.',NULL,NULL),(103,'ought to','すべきだ',2,2,11,2,'2022-12-27 03:49:32','2023-01-06 04:21:03',1,NULL,NULL,NULL,'We ought not to sneer at him.',NULL,NULL),(104,'used to','かつてだった / よくした / 以前はだった',0,2,6,2,'2022-12-27 03:50:46','2022-12-27 03:50:46',1,NULL,NULL,NULL,'You did not used to be so shy.',NULL,NULL),(105,'may well','するのもわかる / 多分だろう / 最もだ / 理解できる',0,2,11,2,'2022-12-27 03:51:40','2022-12-27 03:51:40',1,NULL,NULL,NULL,'You may well ask if such a rule is really necessary.',NULL,NULL),(106,'should have','すべきだった / すればよかった / しておくべきだった',1,2,11,2,'2022-12-27 03:52:03','2023-01-06 04:12:08',1,NULL,NULL,NULL,'He should have acted more carefully.',NULL,NULL),(107,'may have','かもしれない / 考えられる',2,2,11,2,'2022-12-27 03:52:51','2023-01-06 04:21:03',1,NULL,NULL,NULL,'It may have been my fancy.',NULL,NULL),(108,'must have','に違いない / に間違いない / なくてはならない',0,2,11,2,'2022-12-27 03:53:15','2022-12-27 03:53:15',1,NULL,NULL,NULL,'It must have been that.',NULL,NULL),(109,'Don\'t be','気にしないでください',1,2,11,2,'2022-12-27 03:54:07','2023-01-06 04:21:03',1,NULL,NULL,NULL,'Do not be.',NULL,NULL),(110,'Shall I','しましょうか / しようか / しませんか',1,2,11,2,'2022-12-27 03:54:23','2023-01-06 04:18:46',1,NULL,NULL,NULL,'Shall I bring water?',NULL,NULL),(111,'need not have','する必要はなかったのに / する必要ないのに',0,2,11,2,'2022-12-27 03:54:52','2022-12-27 03:54:52',1,NULL,NULL,NULL,'we need not have war.',NULL,NULL),(112,'continent','大陸',1,1,1,2,'2022-12-27 03:55:04','2023-01-03 04:18:20',1,NULL,NULL,NULL,'continent of Africa.',NULL,NULL),(113,'erase','消す / 消去する / 削除する',3,1,3,1,'2022-12-27 03:55:18','2022-12-29 23:04:34',1,NULL,NULL,NULL,'Please erase this document after you read it; it is confidential.',NULL,NULL),(114,'expire','有効期限が切れる / 失効する / 終了する',0,1,3,2,'2022-12-27 03:55:40','2022-12-27 03:55:40',1,NULL,NULL,39,'Your license has expired.',NULL,NULL),(115,'external','外付けの / 外部の / 外界の / 外の',0,1,4,2,'2022-12-27 03:55:58','2022-12-27 03:55:58',1,NULL,4,31,'External interface requirements',NULL,NULL),(116,'incoming','収入 / 受信 / 着信',1,1,1,2,'2022-12-27 03:56:27','2023-01-03 02:08:21',1,NULL,46,NULL,'No incoming messages.',NULL,NULL),(117,'lowercase','小文字',1,1,1,2,'2022-12-27 03:57:37','2023-01-03 01:52:09',1,NULL,NULL,NULL,'Be sure to combine uppercase and lowercase letters.',NULL,NULL),(118,'modify','修正する / 変更する',2,1,3,2,'2022-12-27 03:57:51','2022-12-30 03:08:54',1,NULL,35,NULL,'These documents cannot be modified.',NULL,NULL),(119,'preference','ユーザー設定 / 好み',3,1,1,1,'2022-12-27 03:58:07','2023-01-03 04:14:27',1,NULL,NULL,NULL,'Reset current preferences?',NULL,NULL),(120,'restore','復元する / 修復する / 元の状態に戻す',1,1,3,2,'2022-12-27 03:58:41','2023-01-06 06:22:52',1,NULL,NULL,78,'Your settings have been restored.',NULL,NULL),(121,'resume','再開する / 再び始める / 復旧する',3,1,3,1,'2022-12-27 03:58:57','2023-01-06 04:05:07',1,NULL,NULL,NULL,'Click here to resume download.',NULL,NULL),(122,'specify','指定する / 特定する',0,1,3,2,'2022-12-27 03:59:34','2023-01-06 02:35:37',1,NULL,35,NULL,'You must specify a valid email address.',NULL,NULL),(123,'toggle','切り替える / 変更する',0,1,3,2,'2022-12-27 03:59:46','2022-12-29 22:29:14',1,NULL,NULL,NULL,'Tap here to toggle between the modes.',NULL,NULL),(124,'undo','元へ戻す / 元に戻す / 取り消す',0,1,3,2,'2022-12-27 03:59:58','2022-12-27 03:59:58',1,NULL,NULL,NULL,'Cannot undo this operation.',NULL,NULL),(125,'varify','検証する / 証明する / 立証する / 確かめる / 確認する',0,1,3,2,'2022-12-27 04:00:15','2022-12-27 04:00:15',1,NULL,35,NULL,'Verify your settings and try again.',NULL,NULL),(126,'make sure you','確かめる / 確認する',2,2,11,2,'2022-12-27 04:00:36','2023-01-06 04:21:03',1,NULL,NULL,NULL,'Make sure you bring the tickets with you.',NULL,NULL),(127,'recommend','推奨する / 推薦する / 薦める',0,1,3,2,'2022-12-27 04:01:03','2023-01-01 21:16:30',1,NULL,NULL,NULL,'It is recommended that you save the message before continuing.',NULL,NULL),(128,'be about to','しようとする / まさにするところだ',1,2,11,2,'2022-12-27 04:01:46','2023-01-06 04:18:46',1,NULL,NULL,NULL,'You are about to delete a contact.',NULL,NULL),(129,'bump','ぶつかる / 上げる',1,1,3,2,'2022-12-27 04:02:08','2023-01-03 02:08:21',1,NULL,NULL,NULL,'Bump version to 1.1.5.',NULL,NULL),(130,'cleanup','整理 / 整理する',0,1,1,2,'2022-12-27 04:02:34','2023-01-06 04:05:07',1,NULL,NULL,NULL,'The cleanup cost was about $20.',NULL,NULL),(131,'config','設定 / 整理する',3,1,1,1,'2022-12-27 04:02:43','2023-01-06 03:03:52',1,NULL,NULL,NULL,'The Config constructor, it creates a config object.',NULL,NULL),(132,'dependency','依存関係 / 依存性',1,1,1,2,'2022-12-27 04:03:01','2023-01-03 01:36:01',1,NULL,23,25,'There are three main styles of dependency injection.',NULL,NULL),(133,'deprecated','非推奨の / 廃止予定の',1,1,4,2,'2022-12-27 04:03:24','2023-01-03 01:43:23',1,NULL,18,25,'It will be deprecated!',NULL,NULL),(134,'ensure','保証する / 確かにする / 確保する / 確実にする',0,1,3,2,'2022-12-27 04:03:36','2022-12-29 22:26:33',1,NULL,NULL,32,'Please ensure that this package arrives on time.',NULL,NULL),(135,'fix','修正する / 固める / 固定する / 調整する',0,1,3,2,'2022-12-27 04:03:52','2022-12-27 04:03:52',1,NULL,NULL,NULL,'A dentist is the person who fixes your teeth when they hurt.',NULL,NULL),(136,'generic','汎用の / 汎用な / 汎用的な / 全体的な / 一般的な',0,1,4,2,'2022-12-27 04:04:17','2022-12-27 04:04:17',1,NULL,39,NULL,'It is generic description.',NULL,NULL),(137,'improve','改善する / 改良する / 向上する',2,1,3,2,'2022-12-27 04:04:34','2023-01-06 06:32:48',1,NULL,NULL,47,'My goal is to gradually improve my English skills.',NULL,NULL),(138,'properly','適切に / 適切な / 正確に',0,1,5,2,'2022-12-27 04:10:57','2022-12-27 04:10:57',1,NULL,58,NULL,'I want to thank you properly.',NULL,NULL),(139,'redundant','冗長な / 冗長性 / 不必要な',0,1,5,2,'2022-12-27 04:11:51','2022-12-27 04:37:52',1,NULL,8,NULL,'Saying \"rare and unusual\" is redundant.',NULL,NULL),(140,'revert','立ち戻る / 戻る / 戻す / 取り消す',0,1,3,2,'2022-12-27 04:12:09','2022-12-27 04:12:09',1,NULL,NULL,78,'He reverted to eating meat after being a vegetarian for 20 years',NULL,NULL),(141,'tweak','取り入れる / 微調整する',2,1,3,2,'2022-12-27 04:12:31','2022-12-29 23:04:34',1,NULL,NULL,NULL,'I tweaked his software.',NULL,NULL),(142,'typo','誤字 / 誤植',1,1,1,2,'2022-12-27 04:12:49','2022-12-29 23:06:26',1,NULL,NULL,NULL,'I fixed a few typos.',NULL,NULL),(143,'a bunch of','ひとまとまりの / まとまった / 膨大な / 大きな',1,2,11,2,'2022-12-27 04:13:26','2023-01-06 04:12:08',1,NULL,NULL,NULL,'I achieved a bunch of results.',NULL,NULL),(144,'in favor of','支持して / 賛成して / 優先して',2,2,11,2,'2022-12-27 04:13:57','2023-01-06 04:21:03',1,NULL,NULL,NULL,'All in favor of his proposal, please raise your hand.',NULL,NULL),(145,'rid','取り除く / 取り出す / 無くす',1,1,3,2,'2022-12-27 04:14:24','2023-01-06 06:22:52',1,NULL,NULL,NULL,'We made various efforts to rid the society of criminals.',NULL,NULL),(146,'argument','議論 / 引数 / 討論',1,1,1,2,'2022-12-27 04:14:48','2023-01-03 04:18:20',1,NULL,59,NULL,'There is no argument.',NULL,NULL),(147,'attribute','属性 / のせいにする',1,1,1,2,'2022-12-27 04:14:59','2023-01-06 03:03:52',1,NULL,NULL,NULL,'People attributed his mistakes to system.',NULL,NULL),(148,'convert','変換する / 変更する / 変形させる',3,1,3,1,'2022-12-27 04:15:23','2022-12-29 23:06:26',1,NULL,NULL,NULL,'Solar cells collect and convert sunlight into energy.',NULL,NULL),(149,'inherit','継承する / 受け継ぐ',2,1,3,2,'2022-12-27 04:15:35','2023-01-06 02:35:37',1,NULL,NULL,NULL,'A child class is a class that inherits from a parent class.',NULL,NULL),(150,'invoke','思い起こさせる / 引き起こす / 呼び出す / 起動する',0,1,3,2,'2022-12-27 04:15:53','2022-12-27 04:15:53',1,NULL,NULL,NULL,'This method is therefore invoked many times per event.',NULL,NULL),(151,'otherwise','さもないと / さもなければ / そうでなければ',1,1,5,2,'2022-12-27 04:16:20','2022-12-29 23:00:02',1,NULL,81,NULL,'I must go now otherwise I will be late.',NULL,NULL),(152,'prefix','接頭語',2,1,1,2,'2022-12-27 04:16:38','2022-12-30 03:08:54',1,NULL,NULL,70,'There is no prefix before 800.',NULL,NULL),(153,'suffix','接尾語',0,1,1,2,'2022-12-27 04:16:48','2023-01-06 06:41:42',1,NULL,NULL,NULL,'This type of suffix forms reflexive verbs.',NULL,NULL),(154,'void','戻り値なし / 空っぽの / 中身がない / 無効な / 無効の',0,1,4,2,'2022-12-27 04:17:06','2022-12-27 04:17:06',1,NULL,NULL,NULL,'The purchase therefore is void.',NULL,NULL),(155,'determine','決定する / 判定する / 判別する',3,1,3,1,'2022-12-27 04:18:20','2023-01-06 02:35:37',1,NULL,NULL,NULL,'He was determined to do better work in the future.',NULL,NULL),(156,'transmission','伝送 / 送信 / 伝達',3,1,1,1,'2022-12-29 20:09:50','2023-01-06 06:40:00',1,NULL,NULL,NULL,'They use digital transmission to bring us a number of different types of services.',NULL,NULL),(157,'establish','設立する / 設置する / 立てる',1,1,3,2,'2022-12-29 20:10:27','2023-01-06 06:25:15',1,NULL,NULL,NULL,'We are planning to establish a new company.',NULL,NULL),(158,'Identifier','識別子 / 確認者',2,1,1,2,'2022-12-29 20:10:38','2023-01-06 06:30:11',1,NULL,43,NULL,'It is a identifier.',NULL,NULL),(159,'initiator','装置 / 装置者 / 開始プログラム / 初期化',1,1,1,2,'2022-12-29 20:10:49','2023-01-06 06:34:56',1,NULL,NULL,NULL,'initiator procedure',NULL,NULL),(160,'cascade','連なったもの / 連続したもの / 連なった',2,1,1,2,'2022-12-29 20:11:01','2023-01-06 06:34:56',1,NULL,NULL,NULL,'In job, bad decisions often cascade.',NULL,NULL),(161,'forbid','禁じる / 禁止する / 許さない',1,1,1,2,'2022-12-29 20:11:12','2023-01-06 06:34:56',1,NULL,NULL,NULL,'I am forbidden to drink alcohol.',NULL,NULL),(162,'precondition','前提条件',3,1,1,1,'2022-12-29 20:11:20','2022-12-29 23:05:37',1,NULL,NULL,NULL,'The North Korean government has agreed, without preconditions, to hold higher level talks with the United States.',NULL,NULL),(163,'anonymous','匿名の / 無名の',3,1,4,1,'2022-12-29 20:11:29','2023-01-06 06:30:11',1,NULL,NULL,NULL,'He obtained the information through anonymous sources.',NULL,NULL),(164,'extension','拡大 / 拡張 / 拡がり',1,1,1,2,'2022-12-29 20:11:39','2023-01-06 06:34:56',1,NULL,73,39,'Life extension has made life very long indeed.',NULL,NULL),(165,'sequence','数列 / 連続 / 並び',0,1,1,2,'2022-12-29 20:11:48','2022-12-29 20:11:48',1,NULL,23,NULL,'The lawyer explained the sequence of events leading up the accident.',NULL,NULL),(166,'distribute','分配する / 分類する / 配布する / 分ける',0,1,3,2,'2022-12-29 20:11:57','2022-12-29 20:11:57',1,NULL,NULL,28,'The results are published and widely distributed.',NULL,NULL),(167,'emulate','真似る / 真似する / 模倣する',0,1,3,2,'2022-12-29 20:13:20','2022-12-29 20:13:20',1,NULL,NULL,NULL,'We encourage others to emulate this model.',NULL,NULL),(168,'willing','する気がある / するだろう / するつもり / しようとする',0,1,4,2,'2022-12-29 21:25:15','2022-12-29 21:25:15',1,NULL,NULL,NULL,'They were not willing to spend any more money.',NULL,NULL),(169,'firm','固い / 締まった / 断固とした / 会社',2,1,4,2,'2022-12-29 21:26:36','2022-12-29 23:03:14',1,NULL,NULL,NULL,'He eventually found a job with a law firm.',NULL,NULL),(170,'useful','役に立つ / 役立つ / 有意義な / 使える',3,1,4,1,'2022-12-29 21:26:58','2023-01-03 01:52:09',1,NULL,NULL,NULL,'I could not find any useful information with the search engine.',NULL,NULL),(171,'expense','費用 / 犠牲 / 出費',2,1,1,2,'2022-12-29 21:27:36','2023-01-06 06:25:15',1,NULL,NULL,39,'A lot of taxes go for military-related expenses in the country.',NULL,NULL),(172,'remarkable','注目に値する / 優れた / 注目すべき / 素晴らしい / 卓越した',0,1,4,2,'2022-12-29 21:28:04','2022-12-29 21:28:04',1,NULL,2,NULL,'Her latest work is remarkable and will win her an award.',NULL,NULL),(173,'bite','噛む',2,1,3,2,'2022-12-29 21:28:24','2023-01-03 01:33:28',1,NULL,NULL,NULL,'The dog bit someone four times.',NULL,NULL),(174,'illustrate','説明する / 解説する / 表現する',0,1,3,2,'2022-12-29 21:28:54','2022-12-29 21:28:54',1,NULL,NULL,NULL,'The old fighting manuals illustrate many cunning tricks.',NULL,NULL),(175,'account','原因となる / 説明する / 責任を取る',3,1,3,1,'2022-12-29 21:29:46','2022-12-29 22:57:43',1,NULL,NULL,NULL,'He gave a brief account of the accident.',NULL,NULL),(176,'define','定義する / 明確にする',2,1,3,2,'2022-12-29 21:30:02','2022-12-29 22:35:00',1,NULL,NULL,NULL,'Would it be possible to define these words more concisely?',NULL,NULL),(177,'spare','余分な / 予備の',1,1,4,2,'2022-12-29 21:30:44','2023-01-03 02:06:20',1,NULL,NULL,NULL,'Never drive a car without a spare tire.',NULL,NULL),(178,'grateful','感謝している / 感謝する / 恩を感じる / 心地良い',2,1,4,2,'2022-12-29 21:31:11','2022-12-29 23:04:34',1,NULL,34,NULL,'I am grateful for your help.',NULL,NULL),(179,'gratitude','感謝 / 感謝の気持ち',2,1,1,2,'2022-12-29 21:31:29','2023-01-06 06:27:37',1,NULL,78,NULL,'She expressed her gratitude with a thank-you note.',NULL,NULL),(180,'cooperative','協力的な / 助け合う',0,1,4,2,'2022-12-29 21:31:53','2022-12-29 21:31:53',1,NULL,53,19,'He had become cooperative under the programs influence.',NULL,NULL),(181,'permanent','永久の / 永久な / 普遍的な / 永続的な',1,1,4,2,'2022-12-29 21:32:29','2023-01-03 02:04:19',1,NULL,24,65,'So a more permanent method is needed.',NULL,NULL),(182,'excessive','過度な / 過度の / 過剰な / 行き過ぎた',1,1,4,2,'2022-12-29 21:33:05','2023-01-06 06:40:00',1,NULL,53,39,'Excessive rainfall is creating flood very often.',NULL,NULL),(183,'nuclear','原子力の / 核の / 原子核の',3,1,4,1,'2022-12-29 21:33:22','2023-01-06 06:37:41',1,NULL,NULL,NULL,'A nuclear weapon requires 95% enrichment.',NULL,NULL),(184,'authority','権威 / 権限 / 権力',3,1,1,1,'2022-12-29 21:33:35','2023-01-06 06:22:52',1,NULL,NULL,NULL,'Cats are less likely to follow authority.',NULL,NULL),(185,'flow','流れる / 流れ',2,1,3,2,'2022-12-29 21:33:46','2023-01-03 02:06:20',1,NULL,NULL,NULL,'The flows of nature are distinctly recognizable.',NULL,NULL),(186,'remark','感想 / 発言 / 意見 / 述べる / 言う',3,1,1,1,'2022-12-29 21:34:09','2023-01-06 06:34:56',1,NULL,NULL,NULL,'Those remarks were totally beyond my expectation.',NULL,NULL),(187,'capture','捕らえる / 惹きつける / 捉える / 捕まえる',2,1,3,2,'2022-12-29 21:34:48','2023-01-06 06:41:42',1,NULL,NULL,NULL,'The soldiers captured the lion and took it to the zoo.',NULL,NULL),(188,'grasp','把握する / 掴む',1,1,3,2,'2022-12-29 21:34:57','2023-01-06 06:41:42',1,NULL,NULL,NULL,'It is a very easy point to grasp.',NULL,NULL),(189,'stick','貼り付ける / 貼る / くっつく',0,1,3,2,'2022-12-29 21:35:25','2022-12-29 21:35:25',1,NULL,NULL,NULL,'They simply stick better and last longer.',NULL,NULL),(190,'attempt','試みる / 試す / しようとする',0,1,3,2,'2022-12-29 21:35:47','2022-12-29 21:35:47',1,NULL,NULL,NULL,'The second attempt was far more successful.',NULL,NULL),(191,'struggle','苦闘する / 苦労する / もがく / 足掻く',0,1,3,2,'2022-12-29 21:36:03','2022-12-29 21:36:03',1,NULL,NULL,NULL,'Financial struggles are common among young marriages.',NULL,NULL),(192,'scatter','分散する / ばら撒く / 撒き散らす',0,1,3,2,'2022-12-29 21:36:27','2022-12-29 21:36:27',1,NULL,NULL,NULL,'Natural resources were scattered over vast areas.',NULL,NULL),(193,'throughout','を通して / の至る所に / の至る所で / の最中ずっと',0,1,7,2,'2022-12-29 21:37:11','2022-12-29 21:37:11',1,NULL,NULL,NULL,'Their existence has never been mentioned throughout history.',NULL,NULL),(194,'tragedy','悲劇 / 惨事',0,1,1,2,'2022-12-29 21:37:28','2022-12-29 21:37:28',1,NULL,NULL,NULL,'The tragedy of life is what dies inside a man while he lives.',NULL,NULL),(195,'pile','積み重ねる / 積む',0,1,3,2,'2022-12-29 21:37:55','2022-12-29 21:37:55',1,NULL,NULL,NULL,'In autumn, children like to jump into piles of leaves.',NULL,NULL),(196,'mere','単に / ほんの / たったの / 少しの',0,1,4,2,'2022-12-29 21:38:19','2022-12-29 21:38:19',1,NULL,NULL,NULL,'It takes a mere seven minutes to walk to the station.',NULL,NULL),(197,'instance','例 / 実例 / 事例 / 出来事',1,1,1,2,'2022-12-29 21:38:43','2022-12-29 22:43:35',1,NULL,6,NULL,'They cited several instances of human-rights violations.',NULL,NULL),(198,'typical','典型的な / 代表する / ぴったりの',0,1,4,2,'2022-12-29 21:39:00','2023-01-06 04:05:07',1,NULL,39,NULL,'The typical fee is approximately $350.',NULL,NULL),(199,'extinct','絶滅した / 廃れた',0,1,4,2,'2022-12-29 21:39:31','2022-12-29 22:26:26',1,NULL,NULL,39,'Dinosaurs became extinct due to a meteor impact.',NULL,NULL),(200,'appear','現れる / (どうやら)~らしい / 見える / 出現する',2,1,3,2,'2022-12-29 21:39:54','2023-01-06 06:32:48',1,NULL,NULL,NULL,'A black cat appeared in front of me.',NULL,NULL),(201,'emerge','現れる / 浮かび上がる / 出現する',0,1,3,2,'2022-12-29 21:40:17','2023-01-06 02:35:37',1,NULL,NULL,31,'Who will ultimately emerge as Xs new leader?',NULL,NULL),(202,'favor','親切な行為 / 世話 / 親切心 / 好む',0,1,1,2,'2022-12-29 21:40:56','2022-12-29 21:40:56',1,NULL,NULL,NULL,'She favors being indoors except during autumn.',NULL,NULL),(203,'consequence','結果 / 帰結 / 結論',0,1,1,2,'2022-12-29 21:41:20','2022-12-29 21:41:20',1,NULL,23,NULL,'Responsibility means accepting the consequences of your actions.',NULL,NULL),(204,'stable','安定した / 不変の',1,1,4,2,'2022-12-29 21:41:38','2023-01-02 05:50:10',1,NULL,2,NULL,'Is the organization stable and financially sound?',NULL,NULL),(205,'steady','固定した / 安定した / しっかりした / 揺るぎない',1,1,4,2,'2022-12-29 21:42:00','2023-01-06 04:05:07',1,NULL,NULL,NULL,'That steady sound is what is termed white noise.',NULL,NULL),(206,'steadily','しっかりと / 着実に / 堅実に',0,1,5,2,'2022-12-29 21:42:19','2022-12-29 21:42:19',1,NULL,58,NULL,'But unemployment has decreased steadily since 1965.',NULL,NULL),(207,'harm','損害 / 悪意 / 危害 / 傷つける / 害する',3,1,1,1,'2022-12-29 21:42:44','2023-01-06 02:35:37',1,NULL,NULL,NULL,'The youths were neither causing damage nor harm.',NULL,NULL),(208,'explode','爆発する / 急増する / 増大する',3,1,3,1,'2022-12-29 21:42:57','2023-01-06 06:25:15',1,NULL,NULL,NULL,'I feel like my hearts going to explode.',NULL,NULL),(209,'brief','短時間の / 簡潔な / 手短に',3,1,4,1,'2022-12-29 21:43:15','2023-01-06 06:27:37',1,NULL,NULL,NULL,'The fourth section provides a brief conclusion.',NULL,NULL),(210,'efficient','効率的な',2,1,4,2,'2022-12-29 21:43:26','2023-01-06 06:40:00',1,NULL,24,NULL,'The tax system is getting more efficient.',NULL,NULL),(211,'suprisingly','驚くほどに / 驚いたことに',0,1,5,2,'2022-12-29 21:43:57','2022-12-29 21:43:57',1,NULL,58,NULL,'The word \"responsibility\" is surprisingly modern.',NULL,NULL),(212,'circumstance','状況 / 事情 / 環境',3,1,1,1,'2022-12-29 21:44:18','2022-12-30 03:08:54',1,NULL,NULL,NULL,'Circumstances prevented me from doing that.',NULL,NULL),(213,'ambitious','野心的な / 野望のある / 意欲的な',3,1,4,1,'2022-12-29 21:44:39','2022-12-29 23:06:26',1,NULL,NULL,NULL,'He is an ambitious person.',NULL,NULL),(214,'courage','勇気',2,1,1,2,'2022-12-29 21:44:48','2023-01-03 04:14:27',1,NULL,NULL,NULL,'His courage was both praised and blamed.',NULL,NULL),(215,'eager','熱心な / 熱望した / 切望した',1,1,4,2,'2022-12-29 21:45:01','2022-12-29 22:36:23',1,NULL,NULL,NULL,'I am very eager to meet your friends.',NULL,NULL),(216,'enthusiastic','熱烈な / 熱狂的な / 夢中になって',0,1,4,2,'2022-12-29 21:45:27','2022-12-29 21:45:27',1,NULL,39,32,'These youngsters were enthusiastic about learning.',NULL,NULL),(217,'hesitate','躊躇う / ためらう',2,1,3,2,'2022-12-29 21:45:56','2023-01-03 04:18:20',1,NULL,NULL,NULL,'Mandy hesitated and took a deep breath.',NULL,NULL),(218,'religious','宗教上の / 宗教的な',1,1,4,2,'2022-12-29 21:46:14','2023-01-02 05:50:10',1,NULL,66,NULL,'The city has numerous historic religious buildings.',NULL,NULL),(219,'decade','10年間 / 10年',1,1,1,2,'2022-12-29 21:46:30','2023-01-03 04:18:20',1,NULL,NULL,109,'Rail service was still very strong five decades later.',NULL,NULL),(220,'precise','正確な / 詳細な',0,1,4,1,'2022-12-29 21:46:53','2022-12-29 22:43:35',1,NULL,NULL,NULL,'The report is precise and to the point.',NULL,NULL),(221,'accurate','正確な',2,1,4,2,'2022-12-29 21:47:09','2023-01-03 01:52:09',1,NULL,NULL,NULL,'No global climate model has been accurate.',NULL,NULL),(222,'figure','図 / 形 / 数字',1,1,1,2,'2022-12-29 21:47:28','2023-01-06 06:40:00',1,NULL,NULL,NULL,'That 72% figure is pretty surprising!',NULL,NULL),(223,'numerous','多数の / 数多くの / 非常に多くの / たくさんの',0,1,4,2,'2022-12-29 21:47:50','2022-12-29 21:47:50',1,NULL,66,NULL,'Its influence is consequential across numerous metrics.',NULL,NULL),(224,'exhibit','展示する',1,1,3,2,'2022-12-29 21:48:03','2023-01-06 06:37:41',1,NULL,NULL,NULL,'The exhibited works are changed every few weeks.',NULL,NULL),(225,'rely','頼る',3,1,3,1,'2022-12-29 21:48:11','2023-01-06 06:32:48',1,NULL,NULL,NULL,'Neither rely on 3 rd party cookies.',NULL,NULL),(226,'significant','重要な / 意義深い / かなりの',0,1,4,2,'2022-12-29 21:49:03','2022-12-29 21:49:03',1,NULL,8,NULL,'A second significant issue is climate change.',NULL,NULL),(227,'substantial','実在する / 十分な / かなりの / 相当な',0,1,4,2,'2022-12-29 21:49:37','2022-12-29 21:49:37',1,NULL,38,NULL,'There is substantial risk in security trading.',NULL,NULL),(228,'substance','本質 / 物質 / 実質 / 内容 / 中身',1,1,1,2,'2022-12-29 21:50:05','2022-12-29 22:43:35',1,NULL,6,NULL,'The substance is far more essential than the form.',NULL,NULL),(229,'certain','確かな / 確信している / 明白な',0,1,4,2,'2022-12-29 21:50:51','2022-12-29 21:50:51',1,NULL,NULL,NULL,'Sometimes certain eye colors appear very attractive.',NULL,NULL),(230,'vague','曖昧な / ぼんやりとした / 漠然とした',0,1,4,2,'2022-12-29 21:51:16','2022-12-29 21:51:16',1,NULL,NULL,NULL,'My last comment was a bit vague.',NULL,NULL),(231,'inevitable','避けられない / 防げない / 必然的な / 当然の',0,1,4,2,'2022-12-29 21:51:40','2022-12-29 21:51:40',1,NULL,2,47,'This means another financial crisis is inevitable.',NULL,NULL),(232,'assure','保証する / 安心させる / 約束する / 確保する',1,1,3,2,'2022-12-29 21:51:54','2023-01-06 06:41:42',1,NULL,NULL,NULL,'This place assures its residents best quality lifestyle.',NULL,NULL),(233,'rude','無礼な',0,1,5,2,'2022-12-29 21:52:06','2022-12-29 21:52:06',1,NULL,NULL,NULL,'Some of customer service clerks were very rude.',NULL,NULL),(234,'relieve','取り除く / 安心させる / 緩和する / 救済する',1,1,3,2,'2022-12-29 21:52:17','2023-01-06 04:05:07',1,NULL,NULL,NULL,'Heat is always helpful in relieving pain.',NULL,NULL),(235,'tense','緊張した / 硬直した / 張り詰めた / 緊迫した',0,1,5,2,'2022-12-29 21:52:45','2022-12-29 21:52:45',1,NULL,NULL,NULL,'The situation here has been very tense.',NULL,NULL),(236,'explore','探検する / 探求する / 調査する',1,1,3,2,'2022-12-29 21:52:59','2023-01-06 03:03:52',1,NULL,NULL,NULL,'My favorite activity is exploring various cultures through food.',NULL,NULL),(237,'delay','遅れる / 遅らせる / 延期する / 先延ばしにする',0,1,3,2,'2022-12-29 21:53:08','2022-12-29 21:53:08',1,NULL,NULL,25,'We survived those problems without too much delay.',NULL,NULL),(238,'prove','証明する / 分かる',1,1,3,2,'2022-12-29 21:53:19','2023-01-03 01:38:36',1,NULL,NULL,72,'It has been proven wrong many times.',NULL,NULL),(239,'faith','信頼 / 確信 / 信用 / 信仰',0,1,1,2,'2022-12-29 21:53:29','2022-12-29 22:29:04',1,NULL,NULL,NULL,'His faith life began to grow exponentially.',NULL,NULL),(240,'immigrant','移住者 / 移民者',3,1,1,1,'2022-12-29 21:53:43','2022-12-29 22:57:43',1,NULL,NULL,NULL,'America is a nation built by immigrants.',NULL,NULL),(241,'refugee','難民 / 亡命者',0,1,1,2,'2022-12-29 21:53:57','2022-12-29 21:53:57',1,NULL,19,NULL,'Her refugee status was recognised six months later.',NULL,NULL),(242,'suppose','仮定する / 考える / 思う / 想像する',1,1,3,2,'2022-12-29 21:54:21','2023-01-06 06:27:37',1,NULL,NULL,NULL,'We suppose this statement was rather exaggerated.',NULL,NULL),(243,'assume','思い込む / 見なす / 推測する / 前提とする / そう思う',0,1,3,2,'2022-12-29 21:54:35','2022-12-29 21:54:35',1,NULL,NULL,NULL,'A single entity may assume multiple roles.',NULL,NULL),(244,'assumption','仮定',1,1,1,2,'2022-12-29 21:54:44','2023-01-06 06:37:41',1,NULL,77,NULL,'These descriptions rely upon numerous questionable assumptions.',NULL,NULL),(245,'pronounce','発音する / 声に出す / 宣告する',0,1,3,2,'2022-12-29 21:55:08','2022-12-29 21:55:08',1,NULL,NULL,72,'All 12 defendants were pronounced not guilty.',NULL,NULL),(246,'dedicate','捧げる / 注いだ / 打ち込む / 奉仕する',0,1,3,2,'2022-12-29 21:55:21','2022-12-29 22:34:52',1,NULL,NULL,NULL,'Mother Teresa dedicated her life to helping the poor.',NULL,NULL),(247,'contribute','貢献する / 提供する / 役立つ / 寄付する / 寄与する',2,1,3,2,'2022-12-29 21:55:39','2023-01-06 04:05:07',1,NULL,NULL,NULL,'Vietnam currently contributes $1 million annually.',NULL,NULL),(248,'considerable','かなりの / 相当な / 考慮すべき / 重要な',1,1,5,2,'2022-12-29 21:56:14','2023-01-06 06:32:48',1,NULL,2,NULL,'Britain still exercised\" considerable world influence.',NULL,NULL),(249,'consideration','考慮 / 熟慮',1,1,1,2,'2022-12-29 21:56:41','2023-01-06 03:03:52',1,NULL,77,NULL,'That proposal is still under serious consideration.',NULL,NULL),(250,'evaluate','評価する / 見積もる',2,1,3,2,'2022-12-29 21:56:54','2022-12-29 23:04:34',1,NULL,NULL,NULL,'An observer must evaluate each circumstance individually.',NULL,NULL),(251,'contract','契約 / 契約書 / 協定',0,1,1,2,'2022-12-29 21:57:18','2022-12-29 21:57:18',1,NULL,NULL,NULL,'The initial contract term is four years.',NULL,NULL),(252,'sacrifice','犠牲 / 生贄',2,1,1,2,'2022-12-29 21:57:44','2023-01-06 06:41:42',1,NULL,NULL,NULL,'That is why sacrificing is so important.',NULL,NULL),(253,'silly','愚かな / 馬鹿げた / 分別のない',2,1,1,2,'2022-12-29 21:57:51','2023-01-06 03:03:52',1,NULL,NULL,NULL,'That last statement was wild and silly .',NULL,NULL),(254,'contradictory','矛盾する / 矛盾した / 相反する',0,1,4,2,'2022-12-29 21:58:13','2022-12-29 21:58:13',1,NULL,NULL,21,'The results were often contradictory and confusing.',NULL,NULL),(255,'opposite','反対側の / 反対の / 向かいの',0,1,4,2,'2022-12-29 21:58:37','2022-12-29 21:58:37',1,NULL,NULL,NULL,'His house shoes still face opposite directions.',NULL,NULL),(256,'polite','礼儀正しい / 丁寧な / 洗練された',1,1,4,2,'2022-12-29 21:59:06','2023-01-06 06:27:37',1,NULL,NULL,NULL,'The cafeteria workers are very polite and friendly.',NULL,NULL),(257,'bless','感謝する / 恵まれる / 恩恵を受ける / 清める',0,1,3,2,'2022-12-29 21:59:49','2022-12-29 21:59:49',1,NULL,NULL,NULL,'We are truly blessed and extremely thankful.',NULL,NULL),(258,'preserve','保存する / 維持する / 保護する / 保つ / 守る',1,1,3,2,'2022-12-29 22:00:00','2023-01-06 06:37:41',1,NULL,NULL,70,'Hip hop music is helping preserve indigenous languages.',NULL,NULL),(259,'lung','肺',2,1,1,2,'2022-12-29 22:00:10','2023-01-03 04:18:20',1,NULL,NULL,28,'Chronic lung disease is another significant risk factor.',NULL,NULL),(260,'standpoint','見方 / 観点 / 立場',0,1,1,2,'2023-01-01 07:50:51','2023-01-01 07:50:51',1,1,NULL,NULL,'This combination makes more sense from a strategic standpoint.',NULL,NULL),(263,'intention','意図',0,1,1,2,'2023-01-02 23:10:40','2023-01-02 23:10:40',1,NULL,47,NULL,'That\'s not my intention at all.',NULL,NULL),(264,'deliberately','わざと / 故意に / 意図的に',1,1,5,2,'2023-01-02 23:13:06','2023-01-06 03:03:52',1,NULL,58,NULL,'It cannot be denied that politicians deliberately avoid taking up the issue.',NULL,NULL),(265,'cease','止める / 中止する / 終える / 終わる',0,1,3,2,'2023-01-02 23:15:18','2023-01-02 23:15:18',1,NULL,NULL,NULL,'Cease fire. We\'re friendlies.',NULL,NULL),(266,'signature','署名',0,1,1,2,'2023-01-02 23:16:02','2023-01-02 23:16:02',1,NULL,80,NULL,'Will you put your signature here?',NULL,NULL),(267,'strip','奪う / 取り除く / 脱ぐ',0,1,3,2,'2023-01-02 23:16:50','2023-01-02 23:16:50',1,NULL,NULL,NULL,'He was stripped of all his posts and power.',NULL,NULL),(268,'invade','侵入する / 蔓延する / 侵害する',2,1,3,2,'2023-01-02 23:17:46','2023-01-06 06:37:41',1,NULL,NULL,47,'Cholera invaded the country in 1830.',NULL,NULL),(269,'colony','植民地',0,1,1,2,'2023-01-02 23:18:08','2023-01-02 23:18:08',1,NULL,NULL,NULL,'Hong Kong was a British colony.',NULL,NULL),(270,'tie','結ぶ / 縛る',1,1,3,2,'2023-01-02 23:19:46','2023-01-06 06:30:11',1,NULL,NULL,NULL,'She tied her hair back for a change.',NULL,NULL),(271,'shape','形 / 状態 / 体形',0,1,1,2,'2023-01-02 23:21:32','2023-01-02 23:21:32',1,NULL,NULL,NULL,'The shape may be very nice today but in a few months it will have changed.',NULL,NULL),(272,'proceed','進む / 続ける / 始める / 開始する',1,1,1,2,'2023-01-02 23:22:24','2023-01-03 01:38:36',1,NULL,NULL,72,'Before we proceed with our meeting, please introduce yourself to everyone.',NULL,NULL),(273,'scent','香り / かおり',0,1,1,2,'2023-01-02 23:23:19','2023-01-02 23:23:19',1,NULL,NULL,NULL,'The scent of her perfume is too strong.',NULL,NULL),(274,'subtle','さりげなく / 微妙な / 繊細な / すぐにはわからない',0,1,4,2,'2023-01-02 23:23:58','2023-01-02 23:23:58',1,NULL,NULL,85,'Try to be more subtle.',NULL,NULL),(275,'embarrass','当惑させる / 恥ずかしい思いをする / 困惑させる',0,1,3,2,'2023-01-02 23:25:27','2023-01-02 23:25:27',1,NULL,NULL,NULL,'I didn\'t want to embarrass you.',NULL,NULL),(276,'awkward','気まずい / 落ち着かない / 恥ずかしい / まずい',0,1,4,2,'2023-01-02 23:26:46','2023-01-02 23:26:46',1,NULL,NULL,NULL,'It\'s so awkward I can\'t spit it out.',NULL,NULL),(277,'expose','曝け出す / 露出する / 晒す',1,1,3,2,'2023-01-02 23:27:46','2023-01-06 06:40:00',1,NULL,NULL,39,'A true friend is someone to whom you can expose your heart.',NULL,NULL),(278,'indicator','指標',0,1,1,2,'2023-01-02 23:29:25','2023-01-02 23:29:25',1,NULL,NULL,NULL,'the indicator in question',NULL,NULL),(279,'affair','問題 / 事態 / 事件 / 出来事',0,1,1,2,'2023-01-02 23:30:35','2023-01-02 23:30:35',1,NULL,NULL,NULL,'A serious affair has occurred.',NULL,NULL),(280,'diminish','弱くなる / 弱める / 減少させる / 減少する',0,1,3,2,'2023-01-02 23:31:16','2023-01-02 23:31:16',1,NULL,NULL,28,'Her illness did not diminish her passion.',NULL,NULL),(281,'classify','分類する / 分ける',1,1,3,2,'2023-01-02 23:32:42','2023-01-06 06:34:56',1,NULL,35,NULL,'Classify these people by age.',NULL,NULL),(282,'spoil','甘やかす / 台無しにする / ダメにする',0,1,3,2,'2023-01-02 23:33:50','2023-01-02 23:33:50',1,NULL,NULL,NULL,'Don\'t spoil him.',NULL,NULL),(283,'depart','出発する / 旅立つ / 出る',0,1,3,2,'2023-01-02 23:34:27','2023-01-02 23:34:27',1,NULL,NULL,NULL,'Her plane departs in half an hour.',NULL,NULL),(284,'association','連想 / 協会 / 関連',0,1,1,2,'2023-01-02 23:35:12','2023-01-02 23:35:12',1,NULL,47,NULL,'What association does this music have for you?',NULL,NULL),(285,'associate','結び付ける / 関連付ける / 連想する / 繋げる',1,1,3,2,'2023-01-02 23:36:51','2023-01-06 06:34:56',1,NULL,NULL,NULL,'What colors do you associate with each season?',NULL,NULL),(286,'examine','研究する / 調べる / 分析する',0,1,3,2,'2023-01-02 23:37:46','2023-01-02 23:37:46',1,NULL,NULL,NULL,'I must examine his research paper.',NULL,NULL),(287,'investigate','調査する / 研究する',2,1,3,2,'2023-01-02 23:38:16','2023-01-06 06:37:42',1,NULL,NULL,47,'Could you investigate the matter and inform us of the result? ',NULL,NULL),(288,'emit','放つ / 排出する / 出す',2,1,3,2,'2023-01-02 23:39:55','2023-01-06 06:32:48',1,NULL,NULL,31,'Modern car emit less pollution than older models.',NULL,NULL),(289,'please','喜ばせる / 好む / うれしい / 嬉しい',2,1,3,2,'2023-01-02 23:41:35','2023-01-06 06:40:00',1,NULL,NULL,NULL,'I\'m pleased to meet you.',NULL,NULL),(290,'density','密度 / 濃さ / 密集',1,1,1,2,'2023-01-02 23:42:39','2023-01-06 06:34:56',1,NULL,79,NULL,'The population density of this city is too high.',NULL,NULL),(291,'intense','ハードな / 激しい / 強烈な / 苛烈な',1,1,4,2,'2023-01-02 23:43:10','2023-01-03 02:04:19',1,NULL,NULL,47,'The training is pretty intense.',NULL,NULL),(292,'sweep','掃除する / 一掃する',1,1,3,2,'2023-01-02 23:44:39','2023-01-03 02:04:19',1,NULL,NULL,NULL,'If every man would sweep before his own door, the city would soon be clean.',NULL,NULL),(293,'urban','都市の / 都会の',0,1,4,2,'2023-01-02 23:45:40','2023-01-02 23:45:40',1,NULL,NULL,NULL,'Urban areas of the country have higher crime rates.',NULL,NULL),(294,'polish','磨く',0,1,3,2,'2023-01-02 23:46:46','2023-01-02 23:46:46',1,NULL,NULL,NULL,'I polish my shoes once a month.',NULL,NULL),(295,'arise','起きる / 起こる',1,1,3,2,'2023-01-02 23:47:34','2023-01-06 06:40:00',1,NULL,NULL,NULL,'A civil war arose between the two religious groups.',NULL,NULL),(296,'cope','処理する / 対処する',0,1,3,2,'2023-01-02 23:48:04','2023-01-02 23:48:04',1,NULL,NULL,NULL,'How are you coping with this problem?',NULL,NULL),(297,'exploit','利用する / 悪用する / つけ込む',1,1,3,2,'2023-01-02 23:49:16','2023-01-06 03:26:05',1,NULL,59,NULL,'You should not exploit others\' kindness.',NULL,NULL),(298,'detect','検出する / 見つける / 気付く',0,1,3,2,'2023-01-02 23:49:59','2023-01-02 23:49:59',1,NULL,NULL,NULL,'If an error has been detected, the error indicator will be on.',NULL,NULL),(299,'statement','発言 / 供述 / 陳述',1,1,1,2,'2023-01-02 23:50:40','2023-01-06 06:40:00',1,NULL,24,NULL,'Do you find his statement to be true?',NULL,NULL),(300,'bear','耐える / 支える',0,1,3,2,'2023-01-02 23:51:42','2023-01-02 23:51:42',1,NULL,NULL,NULL,'Bear with evil and expect good.',NULL,NULL),(301,'embrace','抱きしめる / 抱擁する / 受け入れる',2,1,3,2,'2023-01-02 23:52:46','2023-01-06 03:03:52',1,NULL,NULL,NULL,'She ran to embrace her best friend.',NULL,NULL),(302,'abuse','虐待',1,1,1,2,'2023-01-02 23:53:30','2023-01-06 06:25:15',1,NULL,NULL,6,'Animal abuse dominated the conversation in Pakistan in 2020.',NULL,NULL),(303,'guarantee','保証する / 請け負う / 保証',0,1,3,2,'2023-01-03 00:14:12','2023-01-03 00:14:12',1,NULL,NULL,NULL,'Freedom of speech is guaranteed by the constitution.',NULL,NULL),(304,'regarding','に関して / について / の点において / の点で',1,1,7,2,'2023-01-03 00:15:13','2023-01-03 01:36:01',1,NULL,NULL,NULL,'We have received a message from you regarding the installation of our app.',NULL,NULL),(305,'via','で / 経由で / を用いて',1,1,7,2,'2023-01-03 00:16:18','2023-01-06 06:41:42',1,NULL,NULL,NULL,'Please send your request via email or Skype.',NULL,NULL),(306,'feel free to','気軽にする / 自由にする / 遠慮なくする',0,2,11,2,'2023-01-03 00:16:52','2023-01-03 00:16:52',1,NULL,NULL,NULL,'Please feel free to contact us.',NULL,NULL),(307,'get back to','折り返す / 後で連絡する / 連絡し直す',0,2,11,2,'2023-01-03 00:17:43','2023-01-03 00:17:43',1,NULL,NULL,NULL,'I will get back to you as soon as possible.',NULL,NULL),(308,'in advance','前もって / あらかじめ / 先立って',1,2,11,2,'2023-01-03 00:18:32','2023-01-06 04:18:46',1,NULL,NULL,NULL,'Thanks in advance for your support.',NULL,NULL),(309,'more about','について更に / について詳しく',0,2,11,2,'2023-01-03 00:19:51','2023-01-03 00:19:51',1,NULL,NULL,NULL,'You can learn more about \'ConoHaVPS\' at our website.',NULL,NULL),(310,'react out to','連絡を取る / 連絡する / 届く',1,2,11,2,'2023-01-03 00:20:26','2023-01-06 04:18:46',1,NULL,NULL,NULL,'I wanted to reach out to you to let you know about our campaign.',NULL,NULL),(311,'glitch','欠陥 / バグ',0,1,1,2,'2023-01-03 00:21:41','2023-01-03 00:21:41',1,NULL,NULL,NULL,'There is a glitch in the advanced mode.',NULL,NULL),(312,'overall','全体的に / 全体に',1,1,5,2,'2023-01-03 00:22:39','2023-01-06 06:22:52',1,NULL,NULL,63,'Overall good game but freezes often.',NULL,NULL),(313,'pretty','かわいい / 可愛い / とても / かなり',0,1,5,2,'2023-01-03 00:22:58','2023-01-06 06:22:52',1,NULL,NULL,NULL,'This is a pretty fun game!',NULL,NULL),(314,'worth','価値がある / 価値ある',0,1,4,2,'2023-01-03 00:25:43','2023-01-03 00:25:43',1,NULL,NULL,NULL,'Not worth my time.',NULL,NULL),(315,'easy to','しやすい / やりやすい / することは簡単だ',1,2,11,2,'2023-01-03 00:26:12','2023-01-06 04:21:03',1,NULL,NULL,NULL,'Very easy to use.',NULL,NULL),(316,'other than that','それ以外は / そのほかは / その他',0,2,11,2,'2023-01-03 00:27:17','2023-01-03 00:27:17',1,NULL,NULL,NULL,'It sometimes crashes. Other than that it’s a good game.',NULL,NULL),(317,'acquisition','買収 / 獲得',0,1,1,2,'2023-01-03 00:28:08','2023-01-03 00:28:08',1,NULL,77,NULL,'\"It was a successful acquisition,” says a stock analyst.',NULL,NULL),(318,'decline','断る / 辞退する / 辞める / 拒否する / 止める',0,1,3,2,'2023-01-03 00:29:30','2023-01-03 00:29:30',1,NULL,NULL,25,'He declined to comment.',NULL,NULL),(319,'feature','特徴 / 機能 / 特性',1,1,1,2,'2023-01-03 00:30:02','2023-01-03 02:06:20',1,NULL,80,NULL,'Here are the 10 best features coming to new iOS.',NULL,NULL),(320,'former','前の / 前 / 以前の',2,1,4,2,'2023-01-03 00:30:34','2023-01-06 06:37:41',1,NULL,NULL,NULL,'“That was disappointing,” says a former employee',NULL,NULL),(321,'in other words','言い換えると / つまり / 即ち',0,2,11,2,'2023-01-03 00:32:04','2023-01-03 00:32:04',1,NULL,NULL,NULL,'In other words, That is not innovative anymore.',NULL,NULL),(322,'so far','現在のところ / 今までのところ / ここまでは',0,2,11,2,'2023-01-03 00:32:54','2023-01-03 00:32:54',1,NULL,NULL,NULL,'So far, the startup has raised $5 million from venture capital firms.',NULL,NULL),(323,'execute','実行する / 実施する / 遂行する / 施行する',2,1,3,2,'2023-01-03 00:33:48','2023-01-06 03:26:05',1,NULL,NULL,NULL,'Next, execute the following command to run a batch file.',NULL,NULL),(324,'following','以下の / 次の',1,1,4,2,'2023-01-03 00:34:17','2023-01-03 02:04:19',1,NULL,NULL,NULL,'Let’s run the following code.',NULL,NULL),(325,'crucial','決定的な / 決定的に / 極めて重要な',1,1,4,2,'2023-01-03 00:34:55','2023-01-03 04:10:52',1,NULL,38,NULL,'Fast page loading is crucial for better user experience.',NULL,NULL),(326,'straightforward','分かりやすい / 真っ直ぐな / 明快な / 率直な / 正直な',1,1,4,2,'2023-01-03 00:35:44','2023-01-03 01:26:54',1,NULL,NULL,NULL,'The library is very straightforward from a programmer’s perspective.',NULL,NULL),(327,'as you can see','見ての通り / ご覧の通り / お分かりの通り / 分かるように',1,2,11,2,'2023-01-03 00:36:37','2023-01-06 04:12:08',1,NULL,NULL,NULL,'As you can see, the function does not require arguments.',NULL,NULL),(328,'make sure that','確認する / 確かめる',1,2,11,2,'2023-01-03 00:37:16','2023-01-06 04:18:46',1,NULL,NULL,NULL,'Please make sure that you have installed the plugin.',NULL,NULL),(329,'attach','取り付ける / 加える / 添える / 添付する',1,1,3,2,'2023-01-03 00:38:06','2023-01-06 06:41:42',1,NULL,NULL,NULL,'Then attach the keyboard to the computer.',NULL,NULL),(330,'browse','参照する / 見る / 閲覧する',0,1,3,2,'2023-01-03 00:38:39','2023-01-03 00:38:39',1,NULL,NULL,NULL,'It allows you to browse files on your device.',NULL,NULL),(331,'expand','広げる / 展開する / 拡大する / 拡張する / 大きくする',2,1,3,2,'2023-01-03 00:39:13','2023-01-06 06:25:15',1,NULL,NULL,39,'Click the arrow button to expand or collapse it.',NULL,NULL),(332,'procedure','手順 / 手続き / 流れ',0,1,1,2,'2023-01-03 00:39:39','2023-01-06 06:27:37',1,NULL,80,72,'You need to be an administrator to perform this procedure.',NULL,NULL),(333,'prompt','促す / 促進する / 刺激する',0,1,3,2,'2023-01-03 00:40:22','2023-01-03 00:40:22',1,NULL,NULL,72,'You will be prompted to download a file.',NULL,NULL),(334,'manually','手動で / 手で / 手入力で',0,1,5,2,'2023-01-03 00:41:06','2023-01-03 00:41:06',1,NULL,58,NULL,'You can manually back up your photos.',NULL,NULL),(335,'overview','概要 / 概観',0,1,1,2,'2023-01-03 00:41:38','2023-01-03 00:41:38',1,NULL,NULL,63,'Overview of New Features',NULL,NULL),(336,'rotate','回転する / 交代する / 循環する',0,1,3,2,'2023-01-03 00:42:43','2023-01-03 00:42:43',1,NULL,NULL,NULL,'Clicking this button rotates a photo 90 degrees clockwise.',NULL,NULL),(337,'depending on','に応じて / 次第で',0,2,11,2,'2023-01-03 00:45:03','2023-01-03 00:45:03',1,NULL,NULL,NULL,'Depending on what plug-ins you are using, different icons appear in the toolbar.',NULL,NULL),(338,'constraint','制約 / 制限',0,1,1,2,'2023-01-03 00:46:25','2023-01-03 00:46:25',1,NULL,NULL,NULL,'Implementation constraints are described in Section 2.4.',NULL,NULL),(339,'particular','特定の / 特有の / 固有の / 個別の / 際立った',0,1,4,2,'2023-01-03 00:47:30','2023-01-03 00:47:30',1,NULL,NULL,NULL,'The server also sends a particular language ID.',NULL,NULL),(340,'process','処理する / 処理',1,1,3,2,'2023-01-03 00:47:52','2023-01-06 06:34:56',1,NULL,NULL,72,'These tags should be processed by the server.',NULL,NULL),(341,'require','要求する / 必要とする / 必要です',0,1,3,2,'2023-01-03 00:49:11','2023-01-03 00:49:11',1,NULL,NULL,NULL,'Users will be required to log in before they enter data.',NULL,NULL),(342,'specification','仕様書 / 仕様',2,1,1,2,'2023-01-03 00:49:57','2023-01-06 06:30:11',1,NULL,77,NULL,'This software requirements specification describes what the software is supposed to do.',NULL,NULL),(343,'specify','明記する / 指定する / 規定する / 定める',0,1,3,2,'2023-01-03 00:50:55','2023-01-03 00:50:55',1,NULL,35,47,'If the data is invalid, an error message shall be displayed, as specified in Section 3.2.',NULL,NULL),(344,'specific','具体的な / 具体の / 特定の / 詳しい / 固有の',3,1,4,1,'2023-01-03 00:51:33','2023-01-06 06:25:15',1,NULL,NULL,NULL,'specific requirements',NULL,NULL),(345,'if any','もしあるとしたら / もしあれば / 例えあったとしても',0,2,11,2,'2023-01-03 00:52:28','2023-01-03 00:52:28',1,NULL,NULL,NULL,'User’s comments, if any, may be included in the data.',NULL,NULL),(346,'note that','ここで留意すべきは / である点に注意する / であると述べる',0,2,11,2,'2023-01-03 00:53:24','2023-01-03 00:53:24',1,NULL,NULL,NULL,'Note that different countries use different currencies.',NULL,NULL),(347,'prior to','より前に / 前もって / 先立って',0,2,11,2,'2023-01-03 00:54:05','2023-01-03 00:54:05',1,NULL,NULL,NULL,'All user data must be saved prior to displaying a graph.',NULL,NULL),(348,'such as','例えば ~（など） / たとえば ~（など）',0,2,11,2,'2023-01-03 00:54:55','2023-01-03 00:54:55',1,NULL,NULL,NULL,'For specifying a language, a language code, such as en, ja, and fr, should be used.',NULL,NULL),(349,'alternatively','その代わりに / 代案として',0,1,11,2,'2023-01-03 00:55:24','2023-01-03 00:55:24',1,NULL,58,NULL,'Alternatively, you could use the substring() method.',394,NULL),(350,'appreciate','感謝する / 賞賛する / 評価する',1,1,3,2,'2023-01-03 00:57:37','2023-01-03 01:36:01',1,NULL,NULL,NULL,'Any help would be greatly appreciated.',NULL,NULL),(351,'parenthesis','丸かっこ / まるかっこ / 丸カッコ',0,1,1,2,'2023-01-03 00:58:30','2023-01-03 00:58:30',1,NULL,NULL,NULL,'You can use parentheses to group items or capture matches.',NULL,NULL),(352,'e.g.','例えば / たとえば',0,1,11,2,'2023-01-03 00:59:07','2023-01-03 00:59:07',1,NULL,NULL,NULL,'Use an ISO date format (e.g., 2016-10-26).',NULL,NULL),(353,'deploy','デプロイする / 配置する / 敷く',1,1,3,2,'2023-01-03 00:59:41','2023-01-06 06:30:11',1,NULL,NULL,NULL,'I got an error while deploying a Node.js app.',NULL,NULL),(354,'exception','例外',1,1,1,2,'2023-01-03 01:00:04','2023-01-06 03:26:05',1,NULL,77,39,'The code below throws an exception.',NULL,NULL),(355,'given (that)','仮定すると / 考えると / 考慮すると / 考えて',1,1,7,2,'2023-01-03 01:00:45','2023-01-03 01:26:54',1,NULL,NULL,NULL,'Given your existing code, you could change it this way.',NULL,NULL),(356,'i.e.','すなわち / つまり / 即ち / 要は',1,1,11,2,'2023-01-03 01:01:21','2023-01-03 01:36:01',1,NULL,NULL,NULL,'If request is successful (i.e., 2xx), the method returns true.',NULL,NULL),(357,'now','さて / 次に / では',3,1,5,1,'2023-01-03 01:01:45','2023-01-06 06:32:48',1,NULL,NULL,NULL,'Now, you can simply use the following function.',NULL,NULL),(358,'variable','変数 / 変化するもの',0,1,1,2,'2023-01-03 01:02:25','2023-01-03 01:02:25',1,NULL,2,NULL,'You can use a getter and setter to access a variable.',NULL,NULL),(359,'as of','の時点で / その時に / 時点',0,2,11,2,'2023-01-03 01:03:02','2023-01-03 01:03:02',1,NULL,NULL,NULL,'As of today, the latest version is 3.5.6.',NULL,NULL),(360,'as pointed out','指摘の通り / 指摘のあった通り / 指摘のように / 前述の通り / 前述のように',0,2,11,2,'2023-01-03 01:03:51','2023-01-06 04:21:03',1,NULL,NULL,NULL,'As pointed out by several people here, this method is deprecated.',NULL,NULL),(361,'go on','発生する / 起こる / 進行する / 続ける',0,2,11,2,'2023-01-03 01:04:08','2023-01-03 01:04:08',1,NULL,NULL,NULL,'What’s going on here?',NULL,NULL),(362,'how come','どうして / なぜ / なんで',0,2,11,2,'2023-01-03 01:04:35','2023-01-03 01:04:35',1,NULL,NULL,NULL,'How come certain buttons are not displayed?',NULL,NULL),(363,'in a nutshell','要するに / 要は / つまり / 簡単に言うと',0,2,11,2,'2023-01-03 01:05:02','2023-01-06 04:21:03',1,NULL,NULL,NULL,'In a nutshell, that is not possible.',NULL,NULL),(364,'same here','私も同じ / こっちも同じ / こっちも一緒',0,2,11,2,'2023-01-03 01:05:51','2023-01-03 01:05:51',1,NULL,NULL,NULL,'Same here. I got this error after the update.',NULL,NULL),(365,'something like','のようなもの / の類のもの / およそ',0,2,11,2,'2023-01-03 01:06:31','2023-01-03 01:06:31',1,NULL,NULL,NULL,'Your code will look something like this:',NULL,NULL),(366,'vice versa','逆も同じ / 逆も一緒 / 逆も同様 / 逆も然り',1,2,11,2,'2023-01-03 01:08:03','2023-01-06 04:12:08',1,NULL,NULL,NULL,'If the first character is a number, then the second must be an alphabet, and vice versa.',NULL,NULL),(367,'outstand','目立つ / 飛び抜ける / 傑出する / 優れている',0,1,3,2,'2023-01-06 06:19:32','2023-01-06 06:19:32',1,1,NULL,62,'His son was outstanding at mathematics.',585,NULL),(368,'withstand','抵抗する / 逆らう / 抗う / 耐える / 我慢する',0,1,3,2,'2023-01-06 06:21:02','2023-01-06 06:21:02',1,1,NULL,96,'The mayor withstood a lot of hardships.',NULL,NULL),(380,'apathy','無感動 / 無関心 / 無気力',0,1,1,2,'2023-01-08 06:17:38','2023-01-08 06:17:38',1,NULL,NULL,4,'Apathy is maybe the most dangerous problem we have today.',NULL,NULL),(381,'atom','原子 / アトム',0,1,1,2,'2023-01-08 06:24:22','2023-01-08 06:24:22',1,NULL,NULL,4,'The atom is one of the smallest things in the world.',NULL,NULL),(382,'achieve','達成する / 成し遂げる / 獲得する / 実現する',0,1,3,2,'2023-01-08 06:25:25','2023-01-08 06:25:25',1,NULL,NULL,5,'Better results could be achieved using other methods.',NULL,NULL),(383,'amass','蓄える / 蓄積する',0,1,3,2,'2023-01-08 06:26:39','2023-01-08 06:26:39',1,NULL,NULL,5,'He amassed his fortune through real estate investments.',NULL,NULL),(384,'mass','塊 / 纏まり / 集団 / 多数 / 多量 / 質量',0,1,1,2,'2023-01-08 06:27:51','2023-01-08 06:27:51',1,NULL,NULL,NULL,'The moon is about 1/81st the mass of the earth.',NULL,NULL),(385,'amount','(数・量・額に)達する / 総量・総額(n)',0,1,3,2,'2023-01-08 06:30:23','2023-01-08 06:30:23',1,NULL,NULL,5,'Last year\'s sales amounted to $1,000,000.',NULL,NULL),(386,'abstruse','難解な',0,1,4,2,'2023-01-08 06:50:36','2023-01-08 06:50:36',1,NULL,NULL,6,'grasp the abstruse notion of',NULL,NULL),(388,'absent','いない / 不在の / 欠席の / 留守の / 欠席して',0,1,4,2,'2023-01-08 20:57:55','2023-01-08 20:57:55',1,NULL,24,NULL,'He is absent from class today.',NULL,NULL),(389,'absentee','欠勤者 / 欠席者 / 不在者',0,1,1,2,'2023-01-08 20:59:12','2023-01-08 20:59:12',1,NULL,19,NULL,'All absentee ballots were counted.',388,NULL),(390,'adapt','順応させる / 適合させる / 順応する / 適合する / 適応する / 改良する',0,1,3,2,'2023-01-08 21:06:31','2023-01-08 21:06:31',1,NULL,NULL,7,'The company adapted the product to make it successful within the U.S. market.',NULL,NULL),(391,'admire','賞賛する / 感心する / 評価する',0,1,3,2,'2023-01-08 21:08:00','2023-01-08 21:08:00',1,NULL,NULL,7,'I admire your effort.',NULL,NULL),(392,'adhere','くっ付く / 粘着する / 付着する / 貼る',0,1,3,2,'2023-01-08 21:08:53','2023-01-08 21:08:53',1,NULL,NULL,7,'The sticky tape adhered well to the wall.',NULL,NULL),(393,'alibi','言い訳 / アリバイ / 現場不在証明 / 言い訳する(v)',0,1,1,2,'2023-01-08 21:10:24','2023-01-08 21:10:24',1,NULL,NULL,8,'perfect alibi',NULL,NULL),(394,'alter','変える / 変更する / 修正する / 改善する',0,1,3,2,'2023-01-08 21:12:52','2023-01-08 21:12:52',1,NULL,NULL,8,'He won\'t alter his opinion for anything.',NULL,NULL),(395,'ambience','雰囲気 / ムード / 周囲の環境',0,1,1,2,'2023-01-08 21:21:33','2023-01-08 21:21:33',1,NULL,23,9,'The military ambience surrounding Japan has been changing rapidly.',NULL,NULL),(396,'ambiguity','曖昧 / 不明確 / 両義性',0,1,1,2,'2023-01-08 21:23:20','2023-01-08 21:23:20',1,NULL,79,9,'ambiguity of expression',NULL,NULL),(397,'ambition','野望 / 野心 / 大志 / 情熱',0,1,1,2,'2023-01-08 21:24:32','2023-01-08 21:24:32',1,NULL,77,9,'ambition to be the first female president',NULL,NULL),(398,'analyst','分析家 / アナリスト',0,1,1,2,'2023-01-08 21:26:31','2023-01-08 21:26:31',1,NULL,NULL,10,'behavior analyst',NULL,NULL),(399,'ancient','古代の / 古い / 古来の',0,1,4,2,'2023-01-08 21:28:30','2023-01-08 21:28:30',1,NULL,24,11,'Ancient people believed that infections were caused by curses.',NULL,NULL),(400,'ancestor','先祖 / 祖先',0,1,1,2,'2023-01-08 21:30:04','2023-01-08 21:30:04',1,NULL,NULL,11,'My ancestors originally came from Ireland.',NULL,NULL),(401,'antibody','抗体',0,1,1,2,'2023-01-08 21:31:14','2023-01-08 21:31:14',1,NULL,NULL,12,'An antibody is generated to attack the antigen.',NULL,NULL),(402,'antitrust','トラスト禁止の / 反トラストの / 独占禁止の',0,1,4,2,'2023-01-08 21:32:22','2023-01-08 21:32:22',1,NULL,NULL,12,'There are antitrust laws in the United States.',NULL,NULL),(403,'anticipate','見込む / 先手を打つ / 予想する / 予測する',0,1,3,2,'2023-01-08 21:34:05','2023-01-08 21:34:05',1,NULL,NULL,12,'What we anticipate seldom occurs. What we least expect generally happens.',NULL,NULL),(404,'apologize','詫びる / 謝罪する / 謝る',0,1,3,2,'2023-01-08 21:38:44','2023-01-08 21:38:44',1,NULL,54,13,'You needn\'t apologize about yesterday.',NULL,NULL),(405,'architecture','建築 / 建築学 / 構造 / アーキテクチャ',0,1,1,2,'2023-01-08 21:40:55','2023-01-08 21:40:55',1,NULL,80,14,'His architecture is matchless in its unique design.',NULL,NULL),(406,'beneficiary','受益者 / 恩恵を受ける人 / 受取人',0,1,1,2,'2023-01-08 21:42:43','2023-01-08 21:42:43',1,NULL,11,15,'beneficiary country',NULL,NULL),(407,'benevolent','親切な / 善意の / 慈悲深い / 情け深い',0,1,4,2,'2023-01-08 21:44:14','2023-01-08 21:44:14',1,NULL,24,15,'It is in times of economic depression that one can really see whether a nation is a benevolent one or not.',NULL,NULL),(408,'bonus','ボーナス / 賞与 / やったぜ',0,1,1,2,'2023-01-08 21:44:55','2023-01-08 21:44:55',1,NULL,NULL,15,'Bonus!',NULL,NULL),(409,'circle','円 / 円周 / 丸',0,1,1,2,'2023-01-08 21:47:23','2023-01-08 21:47:23',1,NULL,NULL,18,'Circle the item listed below that you are returning.',NULL,NULL),(410,'coerce','強要する / 支配する / 抑圧する',0,1,3,2,'2023-01-08 21:48:37','2023-01-08 21:48:37',1,NULL,NULL,19,'I bet everyone hated to be controlled or coerced when they were children.',NULL,NULL),(411,'circulate','循環する / 流れる / 広まる / 流通する',0,1,3,2,'2023-01-08 21:49:30','2023-01-08 21:49:30',1,NULL,NULL,18,'A rumor started to circulate about the president\'s private life.',NULL,NULL),(412,'coincide','一致する / 同じ / 合う / 適合する / 合致する',0,1,3,2,'2023-01-08 21:52:44','2023-01-08 21:52:44',1,NULL,NULL,19,'Your interests coincide with mine.',NULL,NULL),(413,'colleague','同僚 / 仲間',0,1,1,2,'2023-01-08 21:53:27','2023-01-08 21:53:27',1,NULL,NULL,19,'I\'d like you to meet one of my colleagues.',NULL,NULL),(414,'collapse','潰れる / 崩れる / 崩壊する / 倒壊する',0,1,3,2,'2023-01-08 21:54:13','2023-01-08 21:54:13',1,NULL,NULL,19,'The building collapsed in the earthquake.',NULL,NULL),(415,'combat','戦う / 闘う / 抵抗する / 防ぐ / 効果がある / 戦闘(n)',0,1,3,2,'2023-01-08 21:56:11','2023-01-08 21:56:11',1,NULL,NULL,20,'To help combat suicide among Aboriginal youth, the Web site Honouring Life Network, funded by Health Canada, was launched in April 2008.',NULL,NULL),(416,'compose','構成する / 作る / 組み立てる / 成る',0,1,3,2,'2023-01-08 21:57:20','2023-01-08 21:57:20',1,NULL,NULL,20,'Shape, rice, fillings, and wrapping compose a piece of onigiri.',NULL,NULL),(417,'comfort','慰める / 安心させる / 和らげる / 楽にする / 安心する',0,1,3,2,'2023-01-08 21:58:25','2023-01-08 21:58:25',1,NULL,NULL,20,'Words may not be enough for comforting you in your great sorrow.',NULL,NULL),(418,'conclude','結論を下す / 決定する / 断定する / 結論する',0,1,3,2,'2023-01-08 21:59:53','2023-01-08 21:59:53',1,NULL,NULL,20,'We did some calculations and concluded that the entire plan can be realized in a few years.',NULL,NULL),(419,'consume','使い切る / 消費する / 使い果たす /購入する',0,1,3,2,'2023-01-08 22:00:27','2023-01-08 22:00:27',1,NULL,NULL,20,'Those large developments are consuming open lands very quickly.',NULL,NULL),(420,'contrast','対照 / 対比 / 差異 / 不一致 / 対比する(v)',0,1,1,2,'2023-01-08 22:02:06','2023-01-08 22:02:06',1,NULL,NULL,21,'By contrast,...',NULL,NULL),(421,'contrary','反対の / 正反対の',0,1,4,2,'2023-01-08 22:03:13','2023-01-08 22:03:13',1,NULL,11,21,'In fact, it\'s just the contrary.',NULL,NULL),(422,'counterfeit','偽の / 偽りの / 偽造の / 見せかけの / 偽造品(n)',0,1,4,2,'2023-01-08 22:04:26','2023-01-08 22:04:26',1,NULL,NULL,21,'Counterfeit Medicines On Rise Worldwide',NULL,NULL),(423,'cosmopolitan','世界主義的な / 国際的な / 外国人への偏見がない / 全世界的な / 国際感覚のある',0,1,4,2,'2023-01-08 22:06:46','2023-01-08 22:06:46',1,NULL,5,22,'He\'s a cosmopolitan.',NULL,NULL),(424,'counteract','対抗する / 中和する / 対抗する / 打ち消す / 和らげる / 弱める',0,1,3,2,'2023-01-08 22:09:27','2023-01-08 22:09:27',1,NULL,NULL,21,'counteract global warming induced by carbon dioxide',NULL,NULL),(425,'counterattack','反撃 / 逆襲',0,1,1,2,'2023-01-08 22:10:23','2023-01-08 22:10:23',1,NULL,NULL,21,'The enemy launched a counterattack although they were inferior in number.',NULL,NULL),(426,'counterproductive','逆効果の / 効果のない / 非生産的な',0,1,4,2,'2023-01-08 22:11:08','2023-01-08 22:11:08',1,NULL,53,21,'The flexing of military strength, however, has proved counterproductive this time.',NULL,NULL),(427,'productive','多様な / 実りのある / 有効な / 生産的な',0,1,4,2,'2023-01-08 22:12:04','2023-01-08 22:12:04',1,NULL,53,NULL,'Our most productive workers receive special privileges.',NULL,NULL),(428,'crossroads','交差点',0,1,1,2,'2023-01-08 22:14:05','2023-01-08 22:14:05',1,NULL,NULL,23,'At the crossroads of Eastern and Western Europe, the city was significantly influenced by surrounding cultures.',NULL,NULL),(429,'descend','下りる / 降りる / 降下する / 傾斜する / 伝わる',0,1,3,2,'2023-01-08 22:15:34','2023-01-08 22:15:34',1,NULL,NULL,25,'Some hawks descend at a speed of five meters a second on their prey.',NULL,NULL),(430,'degrade','悪化する / 低下する / 品質を悪化させる / 落ちる',0,1,3,2,'2023-01-08 22:16:41','2023-01-08 22:16:41',1,NULL,NULL,25,'The situation in the country has degraded',NULL,NULL),(431,'dermatologist','皮膚科医 / 皮膚科学者',0,1,1,2,'2023-01-08 22:23:43','2023-01-08 22:23:43',1,NULL,50,26,'\"Water is the cause\" is what was said when I went to the.',NULL,NULL),(432,'dilute','薄める / 薄くする / 希薄する',0,1,3,2,'2023-01-08 22:24:42','2023-01-08 22:24:42',1,NULL,NULL,28,'Dilute this liquid with water, then drink.',NULL,NULL),(433,'digest','消化する / 会得する / 咀嚼する / 要約する / 飲み込む ',0,1,3,2,'2023-01-08 22:25:54','2023-01-08 22:25:54',1,NULL,NULL,28,'Raw vegetables digest poorly.',NULL,NULL),(434,'diverge','分岐する / 分かれる / 異なる / 分ける / 食い違う',0,1,3,2,'2023-01-08 22:27:51','2023-01-08 22:27:51',1,NULL,NULL,28,'Their accounts diverge or clash.',NULL,NULL),(435,'dialog','対話 / ダイアログ',0,1,1,2,'2023-01-08 22:28:51','2023-01-08 22:28:51',1,NULL,NULL,29,'And from this place of judgment, I can\'t help because I have closed off dialog, and have written her off.',NULL,NULL),(436,'diagram','図 / 図表',0,1,1,2,'2023-01-08 22:30:02','2023-01-08 22:30:02',1,NULL,NULL,29,'Diagrams in textbooks are meant to make information easy to understand.',NULL,NULL),(437,'dissect','解剖する / 切断する / 詳細に分析する',0,1,3,2,'2023-01-08 22:31:38','2023-01-08 22:31:38',1,NULL,NULL,28,'Research articles are easier to understand after they have been dissected.',NULL,NULL),(438,'evaporate','蒸発する / 消える / 消滅する / 無くなる / 気化する',0,1,3,2,'2023-01-08 22:32:43','2023-01-08 22:32:43',1,NULL,NULL,31,'A glass of pure alcohol can evaporate within hours.',NULL,NULL),(439,'empower','権利を与える / 権限を与える / ようにする',0,1,3,2,'2023-01-08 22:34:59','2023-01-08 22:34:59',1,NULL,NULL,31,'And to empower them as women so that the same thing doesn\'t happen to this generation.\"',NULL,NULL),(440,'encourage','勇気づける / 励ます / 希望を与える',1,1,3,2,'2023-01-08 22:35:38','2023-01-10 04:49:02',1,NULL,NULL,31,'She encouraged me when I told her I wanted to study to become a doctor.',NULL,NULL),(441,'epidemic','伝染病 / 蔓延 / 疫病 / 伝染性の・流行性の(adj)',0,1,1,2,'2023-01-08 22:36:54','2023-01-08 22:36:54',1,NULL,39,34,'The epidemic can spread very rapidly.',NULL,NULL),(442,'equilibrium','均衡 / 釣り合い / 平衡 / 落ち着き / 平静 / 安らぎ / 安心',0,1,1,2,'2023-01-08 22:38:31','2023-01-08 22:38:31',1,NULL,NULL,35,'I changed my lifestyle to have a sense of equilibrium.',NULL,NULL),(443,'equivalent','同じ / 同等の / 同意義の / 相当の',0,1,4,2,'2023-01-08 22:39:26','2023-01-08 22:39:26',1,NULL,24,35,'Their contributions are equivalent.',NULL,NULL),(444,'equity','公平 / 公明正大 / 無私無欲 / 公正 / エクイティ',0,1,1,2,'2023-01-08 22:40:18','2023-01-08 22:40:18',1,NULL,79,35,'International equity is also important.',NULL,NULL),(445,'ethnic','民族の / 民族的な',0,1,4,2,'2023-01-08 22:43:20','2023-01-08 22:43:20',1,NULL,39,36,'Ethnic foods offer new taste experiences for non-ethnic consumers.',NULL,NULL),(446,'euphoria','強い幸福感 / 多幸感 / 幸せ / 楽天 / 陶酔',0,1,4,2,'2023-01-08 22:44:42','2023-01-08 22:44:42',1,NULL,NULL,37,'While in this state of euphoria, couples often decide to wed.',NULL,NULL),(447,'exceed','超える / 超過する / 突破する / 上回る',0,1,3,2,'2023-01-08 22:46:19','2023-01-08 22:46:19',1,NULL,NULL,39,'If demand exceeds supply, prices will rise.',NULL,NULL),(448,'exaggerate','誇張する / 大袈裟に言う / 大きく見せる',0,1,3,2,'2023-01-08 22:47:10','2023-01-08 22:47:10',1,NULL,NULL,39,'You shouldn\'t exaggerate your skills when applying for a job.',NULL,NULL),(449,'extraordinary','変則的な / 非凡な / 異常な / 並外れた / 特別',0,1,4,2,'2023-01-08 22:48:32','2023-01-08 22:48:32',1,NULL,11,40,'Extraordinary Profit and Extraordinary Losses',NULL,NULL),(450,'extravagant','浪費的な / 無駄遣いの / 荒い / 贅沢な',0,1,4,2,'2023-01-08 22:49:56','2023-01-08 22:49:56',1,NULL,8,40,'Don\'t be so extravagant with your money.',NULL,NULL),(451,'extrovert','外向的な / 外向性の高い',0,1,4,2,'2023-01-08 22:50:46','2023-01-08 22:50:46',1,NULL,NULL,40,'Like many other politicians, the prime minister is quite extroverted.',NULL,NULL),(452,'geography','地理学',0,1,1,2,'2023-01-08 22:51:19','2023-01-08 22:51:19',1,NULL,NULL,41,'I decided to study geography at university.',NULL,NULL),(453,'heterosexual','異性愛者',0,1,1,2,'2023-01-08 22:52:23','2023-01-08 22:52:23',1,NULL,NULL,42,'Until yesterday, I always thought he was a heterosexual.',NULL,NULL),(454,'homogeneous','同種の / 同質の / 一様な',0,1,4,2,'2023-01-08 22:53:20','2023-01-08 22:53:20',1,NULL,66,43,'Japan is a relatively homogeneous nation, but there are more than 2.03 million foreign residents. About 32% of them are Chinese and about 25% of them are Korean.',NULL,NULL),(455,'homosexual','同性愛者',0,1,1,2,'2023-01-08 22:53:53','2023-01-08 22:53:53',1,NULL,NULL,43,'Homosexual communities exist in Bangladesh, but they are the hidden minorities (see Global Voices report). ',NULL,NULL),(456,'hydrogen','水素',0,1,1,2,'2023-01-08 22:54:24','2023-01-08 22:54:24',1,NULL,NULL,44,'Hydrogen and oxygen can then be produced from water.',NULL,NULL),(457,'hypothesis','仮説',0,1,1,2,'2023-01-08 22:55:55','2023-01-08 22:55:55',1,NULL,NULL,46,'She didn\'t believe the professor\'s hypothesis.',NULL,NULL),(458,'ignore','無視する / 見捨てる',0,1,3,2,'2023-01-08 22:56:30','2023-01-08 22:56:30',1,NULL,NULL,47,'It\'s not his nature to ignore people in trouble.',NULL,NULL),(459,'illegal','非合法な / 不法な / 違法な',0,1,4,2,'2023-01-08 22:57:28','2023-01-08 22:57:28',1,NULL,4,47,'It\'s illegal to drink and drive.',NULL,NULL),(460,'illiterate','読み書きのできない / 非識字の',0,1,4,2,'2023-01-08 22:59:27','2023-01-08 22:59:27',1,NULL,NULL,47,'Now a quarter of the country\'s population is illiterate.',48,NULL),(461,'illogical','非論理的な / 不合理な',0,1,4,2,'2023-01-08 23:00:14','2023-01-08 23:00:14',1,NULL,39,47,'His talk became illogical at some points.',NULL,NULL),(462,'impose','課す / 負わす / 与える / 強いる / 制約を受ける',0,1,3,2,'2023-01-08 23:01:29','2023-01-08 23:01:29',1,NULL,NULL,47,'Political constraints are imposed on Japanese trade with many Western countries.',NULL,NULL),(463,'induce','説得する / 勧誘する / し向ける / 誘導する',0,1,3,2,'2023-01-08 23:02:32','2023-01-08 23:02:32',1,NULL,NULL,47,'I\'m trying to induce you to tell the truth.',NULL,NULL),(464,'infrared','赤外線',0,1,1,2,'2023-01-08 23:12:54','2023-01-08 23:12:54',1,NULL,NULL,48,'The doctor directed infrared rays against the diseased part.',NULL,NULL),(465,'interact','作用する / 影響する / 相互作用する / 交流する',0,1,3,2,'2023-01-08 23:14:10','2023-01-08 23:14:10',1,NULL,NULL,49,'I interact with the public in my job, and it\'s fun.',NULL,NULL),(466,'intercept','捕まえる / 妨害する / 封じる / 奪う / 横取りする / 防ぐ',0,1,3,2,'2023-01-08 23:15:24','2023-01-08 23:15:24',1,NULL,NULL,49,'Guards intercepted the drugs being smuggled into the prison.',NULL,NULL),(467,'irreverent','不遜な / 無礼な / 非礼な',0,1,4,2,'2023-01-08 23:16:43','2023-01-08 23:16:43',1,NULL,24,47,'irreverent behavior',NULL,NULL),(468,'irreversible','逆にできない / 取り返しのつかない / 不可逆の / 変更できない / 元に戻せない',0,1,4,2,'2023-01-08 23:17:42','2023-01-08 23:17:42',1,NULL,2,47,'Be very careful about making irreversible decisions.',NULL,NULL),(469,'irrevocable','取り返しのつかない、呼び戻せない / 廃止できない / 取消不可の / 変更不可の',0,1,4,2,'2023-01-08 23:18:39','2023-01-08 23:18:39',1,NULL,2,47,'The death penalty is irrevocable, and there is always the risk that an innocent person will be executed.',NULL,NULL),(470,'metabolic','代謝の / 物質交代の',0,1,4,2,'2023-01-08 23:19:54','2023-01-08 23:19:54',1,NULL,39,51,'Metabolic syndrome is a combination of health risks caused by accumulated fat around the main organs. ',NULL,NULL),(471,'metaphor','隠喩 / 暗喩 / メタファー / 例え',0,1,1,2,'2023-01-08 23:20:34','2023-01-08 23:20:34',1,NULL,NULL,51,'This metaphor will give the readers all kinds of images.',NULL,NULL),(472,'misfortune','不幸 / 不運 /災難',0,1,1,2,'2023-01-08 23:21:35','2023-01-08 23:21:35',1,NULL,NULL,53,'Misfortunes never come single.',NULL,NULL),(473,'multinational','多国籍の / 多国籍企業の',0,1,4,2,'2023-01-08 23:22:17','2023-01-08 23:22:17',1,NULL,4,54,'The multinational Allied Forces repeatedly conducted air raids, but the results were not satisfactory.',NULL,NULL),(474,'multiply','掛ける / 乗じる / 増やす / 増加する / 増える',0,1,3,2,'2023-01-08 23:23:11','2023-01-08 23:23:11',1,NULL,NULL,54,'Germs multiply quickly in the heat.',NULL,NULL),(475,'neglect','無視する / 軽視する / ほったらかす / 顧みない / 放置する',0,1,3,2,'2023-01-08 23:24:06','2023-01-08 23:24:06',1,NULL,NULL,55,'Neglect will kill an injury sooner than revenge.',NULL,NULL),(476,'negotiate','交渉する / 協議する / 折り合いをつける',0,1,3,2,'2023-01-08 23:24:30','2023-01-08 23:24:30',1,NULL,NULL,55,'The union and management negotiated for seven hours straight.',NULL,NULL),(477,'nonexistent','存在しない / 見られない / 見えない',0,1,4,2,'2023-01-08 23:25:21','2023-01-08 23:25:21',1,NULL,24,57,'The challenges and accomplishments of Israel are non-existent elsewhere.',NULL,NULL),(478,'nonsense','無意味な言葉 / ナンセンス / 冗談の / 馬鹿げている',0,1,4,2,'2023-01-08 23:26:56','2023-01-08 23:26:56',1,NULL,NULL,57,'Stop your nonsense and take things seriously.',NULL,NULL),(479,'omit','取り除く / 除外する / 省く / 省略する',0,1,3,2,'2023-01-08 23:27:59','2023-01-08 23:27:59',1,NULL,NULL,58,'The rest is omitted.',NULL,NULL),(480,'offend','気分を害する / 怒らせる / 不快にさせる / 背く',0,1,3,2,'2023-01-08 23:28:52','2023-01-08 23:28:52',1,NULL,NULL,58,'He didn\'t mean to offend you, so don\'t harbor bad feelings against him.',NULL,NULL),(481,'onlooker','見物人 / 傍観者 / 観客 / 観衆',0,1,1,2,'2023-01-08 23:29:58','2023-01-08 23:29:58',1,NULL,NULL,60,'A crowd of onlookers gathered around the two men who were fighting.',NULL,NULL),(482,'outlook','見解 / 見方 / (あるものに対する)態度 / 展望 / 前途 / 予測',0,1,1,2,'2023-01-08 23:31:02','2023-01-08 23:31:02',1,NULL,NULL,62,'Outlook says less food will be available for more people.',NULL,NULL),(483,'outlaw','無法者・お尋ね者(n) / 追放する / 禁止する / 禁ずる',0,1,3,2,'2023-01-08 23:32:36','2023-01-08 23:32:36',1,NULL,NULL,62,'Any government in the world can outlaw it.',NULL,NULL),(484,'overcome','克服する / 乗り越える / 打開する / 打ち勝つ',0,1,3,2,'2023-01-08 23:33:14','2023-01-08 23:33:14',1,NULL,NULL,63,'I want to know how you overcame it.',NULL,NULL),(485,'overdue','過ぎた / 期限の切れた / 遅れた / 未払いの / 期限切れの',0,1,4,2,'2023-01-08 23:34:19','2023-01-08 23:34:19',1,NULL,NULL,63,'Your rent is overdue.',NULL,NULL),(486,'pervade','充満する / 広がる / 行き渡る / 普及する ',0,1,3,2,'2023-01-08 23:36:05','2023-01-08 23:36:05',1,NULL,NULL,65,'The end of the war also signified a release from the military atmosphere that had pervaded in the country.',NULL,NULL),(487,'perish','滅びる / 消滅する / (突然または非業に)死ぬ',0,1,3,2,'2023-01-08 23:36:52','2023-01-08 23:36:52',1,NULL,NULL,65,'Mankind would perish by atomic weaponry.',NULL,NULL),(488,'periphery','周辺 / 外縁 / 表面 / 周り / 周囲',0,1,1,2,'2023-01-08 23:37:53','2023-01-08 23:37:53',1,NULL,NULL,65,'People have migrated to the periphery of cities.',NULL,NULL),(489,'postpone','延期する / 延ばす / 先送りにする / 遅延する',0,1,3,2,'2023-01-08 23:38:34','2023-01-08 23:38:34',1,NULL,NULL,69,'All flights are postponed indefinitely.',NULL,NULL),(490,'posthumous','死後の',0,1,4,2,'2023-01-08 23:39:04','2023-01-08 23:39:04',1,NULL,66,69,'This is the last one of his posthumous books.',NULL,NULL),(491,'precede','先立つ / 先行する / よりも / より重要',0,1,3,2,'2023-01-08 23:40:26','2023-01-08 23:40:26',1,NULL,NULL,70,'Function precedes form.',NULL,NULL),(492,'prepare','使えるようにする / 整える / 準備する',0,1,3,2,'2023-01-08 23:41:11','2023-01-08 23:41:11',1,NULL,NULL,70,'Prepare required documents and make your application.',NULL,NULL),(493,'prerequisite','必要条件 / 要件 / 必要不可欠',0,1,3,2,'2023-01-08 23:42:17','2023-01-08 23:42:17',1,NULL,NULL,70,'Social stability is an indispensable prerequisite for economic development.',NULL,NULL),(494,'protect','保護する / 守る / 庇う',0,1,3,2,'2023-01-08 23:43:38','2023-01-08 23:43:38',1,NULL,NULL,72,'Document is protected.',NULL,NULL),(495,'prolog','プロローグ / 序文 / 序言 / 序章',0,1,1,2,'2023-01-08 23:45:02','2023-01-08 23:45:02',1,NULL,NULL,72,'The first film was only a prologue...',NULL,NULL),(496,'protocol','プロトコル / 条約原案 / 議定書',0,1,1,2,'2023-01-08 23:45:53','2023-01-08 23:45:53',1,NULL,NULL,75,'The Kyoto Protocol aims at stopping global warming.',NULL,NULL),(497,'rebel','反逆者 / 反抗者 / 謀反人 / 反対者',0,1,1,2,'2023-01-08 23:47:08','2023-01-08 23:47:08',1,NULL,NULL,79,'Tamil rebels fought for an autonomous state and government.',NULL,NULL),(498,'resist','抵抗する / 耐える / 我慢する',0,1,3,2,'2023-01-08 23:48:03','2023-01-08 23:48:03',1,NULL,NULL,79,'I can\'t resist.',NULL,NULL),(499,'resign','辞める / 辞任する / 辞職する / 退陣する / 参る',0,1,3,2,'2023-01-08 23:48:56','2023-01-08 23:48:56',1,NULL,NULL,79,'I resign.',NULL,NULL),(500,'separate','離す / 分ける',0,1,3,2,'2023-01-08 23:49:33','2023-01-08 23:49:33',1,NULL,NULL,81,'In ancient times people did not separate mind and body.',NULL,NULL),(501,'subordinate','下位の / 下に置く / 従属の / 下の',0,1,4,2,'2023-01-08 23:50:35','2023-01-08 23:50:35',1,NULL,NULL,85,'He\'s my subordinate.',NULL,NULL),(502,'subway','地下鉄 / 地下の',0,1,1,2,'2023-01-08 23:51:18','2023-01-08 23:51:18',1,NULL,NULL,85,'Subway service was inaugurated in India\'s capital, New Delhi, on December 24th.',NULL,NULL),(503,'superintendent','管理者 / 監督者 / 管理人',0,1,1,2,'2023-01-08 23:52:48','2023-01-08 23:52:48',1,NULL,24,86,'superintendent of a factory',NULL,NULL),(504,'superpower','超大国 / 超強国 / 強大な力',0,1,1,2,'2023-01-08 23:53:41','2023-01-08 23:53:41',1,NULL,NULL,86,'Maybe a superpower country never cares about a poor country?',NULL,NULL),(505,'surface','表面 / 面 / 水面',0,1,1,2,'2023-01-08 23:54:14','2023-01-08 23:54:14',1,NULL,NULL,88,'The surface of the lake was so calm it looked like a mirror.',NULL,NULL),(506,'surname','姓 / 名字 / あだ名',0,1,1,2,'2023-01-08 23:54:46','2023-01-08 23:54:46',1,NULL,NULL,88,'Can I have your surname, please.',NULL,NULL),(507,'surpass','上回る / 超える / 凌ぐ / 勝る',0,1,3,2,'2023-01-08 23:55:19','2023-01-08 23:55:19',1,NULL,NULL,88,'The humidity does not surpass 60％.',NULL,NULL),(508,'translate','翻訳する / 変更する / 移動する',0,1,3,2,'2023-01-08 23:56:06','2023-01-08 23:56:06',1,NULL,NULL,90,'The novel is translated into more than 20 languages.',NULL,NULL),(509,'transport','移動させる / 運ぶ / 輸送する',0,1,3,2,'2023-01-08 23:56:40','2023-01-08 23:56:40',1,NULL,NULL,90,'The machine may only be transported or moved as described in Section 5.',NULL,NULL),(510,'untie','解く / 緩める / 解放する / 解消する / 解決する',0,1,3,2,'2023-01-08 23:58:17','2023-01-08 23:58:17',1,NULL,NULL,93,'Untie the waist straps, wash the hands, and then untie the collar straps.',NULL,NULL),(511,'withdraw','退かせる / 取り消す / 撤退する / 引き出す',0,1,3,2,'2023-01-08 23:59:08','2023-01-08 23:59:08',1,NULL,NULL,96,'He withdrew ¥100,000 from the bank.',NULL,NULL),(512,'withhold','抑える / 差し控える / 保留する / 引き留める / 公表しない / 伏せる',0,1,3,2,'2023-01-08 23:59:46','2023-01-08 23:59:46',1,NULL,NULL,96,'His name is withheld under the Juvenile Law.',NULL,NULL),(513,'unify','一つのまとまりにする / 統一する / 一体化する / 単一化する / 一元化する / 一元管理する',0,1,3,2,'2023-01-09 00:00:57','2023-01-09 00:00:57',1,NULL,35,100,'European leaders hope to succeed in unifying their economies.',NULL,NULL),(514,'unanimous','満場一致で / 全員一致で',0,1,4,2,'2023-01-09 00:01:29','2023-01-09 00:01:29',1,NULL,66,100,'The bill was passed by a unanimous vote.',NULL,NULL),(515,'monopoly','独占 / 専売',0,1,1,2,'2023-01-09 00:01:58','2023-01-09 00:01:58',1,NULL,NULL,100,'It is very difficult for the foreign racehorse industry to crack the Japanese market monopoly.',NULL,NULL),(516,'dilemma','ジレンマ / (二者択一の)板挟み',0,1,1,2,'2023-01-09 00:02:56','2023-01-09 00:02:56',1,NULL,NULL,101,'\"The dilemma for council is that we don\'t really have ways to stop immigrants arriving.',NULL,NULL),(517,'tripod','三脚',0,1,1,2,'2023-01-09 00:03:21','2023-01-09 00:03:21',1,NULL,NULL,102,'Unlike a tripod, a monopod cannot support a still camera independently.',NULL,NULL),(518,'century','100年 / 世紀',0,1,1,2,'2023-01-09 00:04:34','2023-01-09 00:04:34',1,NULL,NULL,110,'A century ago two empires disintegrated: in the Ottoman Empire Armenians suffered, while in the Russian Tsarist Empire, Azerbaijanis suffered.',NULL,NULL),(519,'millennium','1000年 / 千年',0,1,1,2,'2023-01-09 00:05:25','2023-01-09 00:05:25',1,NULL,NULL,111,'The next millennium may see the disappearance of many animals. ',NULL,NULL),(520,'acceptable','容認できる / 受け入れられる / 受諾できる',0,1,4,2,'2023-01-09 00:27:16','2023-01-09 00:27:16',1,NULL,2,NULL,'All your terms are fair and acceptable to us.',NULL,NULL),(521,'available','利用できる / 入手できる / 得られる',0,1,4,2,'2023-01-09 00:27:47','2023-01-09 00:27:47',1,NULL,2,NULL,'At this moment, there are no taxies available at the station.',NULL,NULL),(522,'reasonable','合理的な / 道理の適った / 理に適った / 筋のある',0,1,4,2,'2023-01-09 00:29:04','2023-01-09 00:29:04',1,NULL,2,NULL,'Rules must be reasonable and consistent to be fair.',NULL,NULL),(523,'baggage','手荷物 / 携行品 / (精神的な)重荷',0,1,1,2,'2023-01-09 00:29:48','2023-01-09 00:29:48',1,NULL,3,NULL,'The baggage has stopped coming out.',NULL,NULL),(524,'punctual','時間を守る / 期限通りの / 約束通りの',0,1,4,2,'2023-01-09 00:31:10','2023-01-09 00:31:10',1,NULL,4,NULL,'We cannot guarantee the punctual flight in heavy weather.',NULL,NULL),(525,'removal','除去 / 取り除くこと / 撤去 / 撤廃',0,1,1,2,'2023-01-09 00:31:48','2023-01-09 00:31:48',1,NULL,4,NULL,'We hired a company to take care of the removal of our old furniture.',NULL,NULL),(526,'appearance','出現 / 現れること / 登場 / 出演 / 外観 / 見かけ',0,1,1,2,'2023-01-09 00:32:36','2023-01-09 00:32:36',1,NULL,6,NULL,'Our town\'s appearance in a movie boosted our tourism business.',NULL,NULL),(527,'expectancy','期待 / 予期 / 見込み',0,1,1,2,'2023-01-09 00:33:27','2023-01-09 00:33:27',1,NULL,7,NULL,'Life expectancy has risen from 30 to 61 years.',NULL,NULL),(528,'redundancy','冗長性 / 余分 / 余剰 / 過多',0,1,1,2,'2023-01-09 00:34:43','2023-01-09 00:34:43',1,NULL,7,NULL,'English, with about 50% redundancy, looked like a very inappropriate model then.',139,NULL),(529,'malignant','極めて有害な / 悪性の / 悪意のある / 悪質な',0,1,4,2,'2023-01-09 00:35:25','2023-01-09 00:35:25',1,NULL,8,NULL,'Is it malignant?',NULL,NULL),(530,'familiar','よく知っている / 精通している / 造詣が深い / 親しい / 聞き覚えのある',0,1,4,2,'2023-01-09 00:36:32','2023-01-09 00:36:32',1,NULL,9,NULL,'I thought the voice sounded familiar.',NULL,NULL),(531,'coward','意気地なし / 臆病者 / 弱虫 / 腰抜け',0,1,1,2,'2023-01-09 00:37:20','2023-01-09 00:37:20',1,NULL,10,NULL,'Many would be cowards if they had courage enough.',NULL,NULL),(532,'adversary','敵 / 敵対国 / 敵対者 / 対抗者 / 対戦相手',0,1,1,2,'2023-01-09 00:38:48','2023-01-09 00:38:48',1,NULL,11,NULL,'adversary relationship with the media',NULL,NULL),(533,'arbitrary','任意の / 好みの / 勝手な / 気まぐれな / 恣意的な / 偶然な',0,1,4,2,'2023-01-09 00:39:40','2023-01-09 00:39:40',1,NULL,11,NULL,'That\'s an arbitrary goal that really means nothing.',NULL,NULL),(534,'consulate','領事館',0,1,1,2,'2023-01-09 00:40:18','2023-01-09 00:40:18',1,NULL,12,NULL,'Kurdish militants seized hostages at Turkish consulates.',NULL,NULL),(535,'obstinate','頑固な / 意固地な / 意地を張る / 執拗な / しつこい',0,1,4,2,'2023-01-09 00:41:02','2023-01-09 00:41:02',1,NULL,12,NULL,'He remained obstinate and stuck to his opinion.',NULL,NULL),(536,'fascinate','魅了する / 魅惑する',0,1,3,2,'2023-01-09 00:41:34','2023-01-09 00:41:34',1,NULL,12,NULL,'The study of science fascinates many people',NULL,NULL),(537,'particle','粒子 / 分子',0,1,1,2,'2023-01-09 00:42:27','2023-01-09 00:42:27',1,NULL,15,NULL,'The Higgs particle is important in explaining how particles acquire mass.',NULL,NULL),(538,'obstacle','障害物 / 妨害 / 邪魔',0,1,1,2,'2023-01-09 00:43:03','2023-01-09 00:43:03',1,NULL,15,NULL,'Successful people are not defeated by small obstacle.',NULL,NULL),(539,'molecule','分子 / 微粒子 / 微分子',0,1,1,2,'2023-01-09 00:43:35','2023-01-09 00:43:35',1,NULL,15,NULL,'A molecule of water has 2 atoms of hydrogen and one of oxygen.',NULL,NULL),(540,'democracy','民主主義 / 民主制 / デモクラシー',0,1,1,2,'2023-01-09 00:44:08','2023-01-09 00:44:08',1,NULL,16,NULL,'Democracy cannot survive without public trust.',NULL,NULL),(541,'kitten','子猫 / 子供',0,1,1,2,'2023-01-09 00:46:12','2023-01-09 00:46:12',1,NULL,22,NULL,'A kitten is meowing in the kitchen.',NULL,NULL),(542,'emergence','出現 / 発生 / 参入 / 脱出',0,1,1,2,'2023-01-09 00:46:57','2023-01-09 00:46:57',1,NULL,23,NULL,'Emergence of XX system has a big impact on our sales.',NULL,NULL),(543,'frequency','頻発 / 頻繁に起きること / 頻度 ',0,1,1,2,'2023-01-09 00:48:01','2023-01-09 00:48:01',1,NULL,23,NULL,'The frequency of such accidents is decreasing from year to year.',NULL,NULL),(544,'apparent','見えている / 明らかな / 明白な',0,1,4,2,'2023-01-09 00:48:34','2023-01-09 00:48:34',1,NULL,24,NULL,'It was already apparent that she could not juggle her family and career.',NULL,NULL),(545,'adolescent','青年期の / 思春期の / 未熟な',0,1,4,2,'2023-01-09 00:50:02','2023-01-09 00:50:02',1,NULL,27,NULL,'He has an adolescent daughter.',NULL,NULL),(546,'picturesque','絵のような / 絵のように / 心地よい / 魅力あふれる / 生き生きとした',0,1,4,2,'2023-01-09 00:50:56','2023-01-09 00:50:56',1,NULL,28,NULL,'The little town is a picturesque community in the forest.',NULL,NULL),(547,'goddess','女神',0,1,1,2,'2023-01-09 00:51:51','2023-01-09 00:51:51',1,NULL,29,NULL,'The Goddess, to console him, said,...',NULL,NULL),(548,'hopeful','希望に満ちた / 望みを抱いている / 期待を寄せている / 有望な',0,1,4,2,'2023-01-09 00:52:45','2023-01-09 00:52:45',1,NULL,34,NULL,'I\'m hopeful about the future.',NULL,NULL),(549,'purify','浄化する / 綺麗にする / 汚れを取り除く / 純化する / 浄水する',0,1,3,2,'2023-01-09 00:53:41','2023-01-09 00:53:41',1,NULL,35,NULL,'The filter can purify 150 liters of water.',NULL,NULL),(550,'satisfy','満足させる / 希望を叶える / 満たす',0,1,3,2,'2023-01-09 00:54:39','2023-01-09 00:54:39',1,NULL,35,NULL,'Failing to satisfy the requirements may see the animals remain in quarantine for up to 180 days.',NULL,NULL),(551,'neighborhood','近所 / 近隣 / 自宅周辺 / 近隣住民',0,1,1,2,'2023-01-09 00:55:52','2023-01-09 00:55:52',1,NULL,37,NULL,'My neighborhood has a large number of Brazilian immigrants.',NULL,NULL),(552,'likelihood','可能性 / 見込み / 公算 / 確率',0,1,1,2,'2023-01-09 00:56:37','2023-01-09 00:56:37',1,NULL,37,NULL,'The likelihood of Tonankai and Nankai earthquakes in the next 30 years is said to be over 50 percent.',NULL,NULL),(553,'pictorial','絵のような / 絵で表した / 画家の',0,1,4,2,'2023-01-09 00:58:00','2023-01-09 00:58:00',1,NULL,38,NULL,'Applications are limited to plain designs only such as illustrations, pictorial graphics and pictures. ',NULL,NULL),(554,'accessible','アクセスできる / アクセス可能な',0,1,4,2,'2023-01-09 00:58:38','2023-01-09 00:58:38',1,NULL,2,NULL,'Vienna is accessible by rail from other cities.',NULL,NULL),(555,'visible','目に見える / 可視の',0,1,4,2,'2023-01-09 00:59:06','2023-01-09 00:59:06',1,NULL,2,NULL,'His house is visible from the office.',NULL,NULL),(556,'sensible','分別ある / 思慮深い / 良識ある / 賢明',0,1,4,2,'2023-01-09 00:59:40','2023-01-09 00:59:40',1,NULL,2,NULL,'Be more sensible.',NULL,NULL),(557,'tragic','悲劇の / 凄惨な',0,1,4,2,'2023-01-09 01:00:40','2023-01-09 01:00:40',1,NULL,39,NULL,'As tragic as that is, it\'s even more heartbreaking to realize that many of those folks have lost contact with their families.',NULL,NULL),(558,'physics','物理学',0,1,1,2,'2023-01-09 01:01:31','2023-01-09 01:01:31',1,NULL,41,NULL,'Physics was her favorite subject.',NULL,NULL),(559,'horrid','恐ろしい / 不快な',0,1,4,2,'2023-01-09 01:02:04','2023-01-09 01:02:04',1,NULL,42,NULL,'What a horrid accusation!',NULL,NULL),(560,'virile','男の / 男らしい / 男性的な / 逞しい / 力強い',0,1,4,2,'2023-01-09 01:03:28','2023-01-09 01:03:28',1,NULL,44,NULL,'That actor manages to seem both virile and sensitive.',NULL,NULL),(561,'doctrine','信条 / 教義 / ドグマ / 原理 / 原則',0,1,1,2,'2023-01-09 01:04:11','2023-01-09 01:04:11',1,NULL,45,NULL,'My doctrine is that we should be kind to others.',NULL,NULL),(562,'correction','訂正箇所 / 矯正 / 修正 /是正 / 補正',0,1,1,2,'2023-01-09 01:05:28','2023-01-09 01:05:28',1,NULL,47,NULL,'correction handling',NULL,NULL),(563,'feverish','熱がある / 熱っぽい / 熱のある',0,1,4,2,'2023-01-09 01:06:20','2023-01-09 01:06:20',1,NULL,48,NULL,'She looks feverish.',NULL,NULL),(564,'polish','磨く',0,1,3,2,'2023-01-09 01:06:46','2023-01-09 01:06:46',1,NULL,48,NULL,' I polish my car once a month.',NULL,NULL),(565,'socialism','社会主義',1,1,1,2,'2023-01-09 01:07:09','2023-01-10 04:49:02',1,NULL,49,NULL,'Socialism collapsed because it did not allow the market to tell the economic truth.',NULL,NULL),(566,'optimist','楽天家 / 楽天主義者',0,1,1,2,'2023-01-09 01:08:04','2023-01-09 01:08:04',1,NULL,50,NULL,'and besides he was an optimist by nature.',NULL,NULL),(567,'definite','確定された / 変更されない / 明確な / 的確な / 限定的な / 確かな',0,1,4,2,'2023-01-09 01:09:03','2023-01-09 01:09:03',1,NULL,51,NULL,'We shall let you have the definite information without delay. ',NULL,NULL),(568,'appetite','食欲 / 欲求',0,1,1,2,'2023-01-09 01:10:30','2023-01-09 01:10:30',1,NULL,51,NULL,'The kids have huge appetites.',NULL,NULL),(569,'massive','巨大な / 非常に重い / 極めて大きい / 大量の / 多量の / 大きな',0,1,4,2,'2023-01-09 01:11:25','2023-01-09 01:11:25',1,NULL,53,NULL,'The massive mountain is located near our village',NULL,NULL),(570,'conservative','保守的な',0,1,4,2,'2023-01-09 01:12:01','2023-01-09 01:12:01',1,NULL,53,NULL,'People get more conservative when they get older.',NULL,NULL),(571,'materialize','具体化する / 具現化する / 実現する',0,1,3,2,'2023-01-09 01:12:44','2023-01-09 01:12:44',1,NULL,54,NULL,'He materialized his vision of a blooming desert.',NULL,NULL),(572,'realize','理解する / 実現する / 気付く / 自覚する',0,1,3,2,'2023-01-09 01:13:31','2023-01-09 01:13:31',1,NULL,54,NULL,'All was well until he realized that.',NULL,NULL),(573,'civilize','文明化する / 進む / 洗練している',0,1,3,2,'2023-01-09 01:14:22','2023-01-09 01:14:22',1,NULL,54,NULL,'is it a civilized country?',NULL,NULL),(574,'doubtless','確かに / 疑いなく / なるほど / 多分 / 恐らく',0,1,5,2,'2023-01-09 01:15:30','2023-01-09 01:15:30',1,NULL,55,NULL,'Doubtless there was a certain struggle and a certain relief.',NULL,NULL),(575,'tireless','疲れを知らない / 休むことのない / 不断の / 絶え間ない / 根気強い',0,1,4,2,'2023-01-09 01:16:10','2023-01-09 01:16:10',1,NULL,55,NULL,'Walter\'s tireless efforts make a contribution to beautifying the city.',NULL,NULL),(576,'generally','大抵 / 通常 / ほとんどの場合 / 一般的に / 一般に',0,1,5,2,'2023-01-09 01:17:07','2023-01-09 01:17:07',1,NULL,58,NULL,'Generally speaking we have a very strong rapport with our children.',NULL,NULL),(577,'pavement','舗装道路 / 舗道 / 舗装 / 敷石',0,1,1,2,'2023-01-09 01:17:41','2023-01-09 01:17:41',1,NULL,59,NULL,'A pavement is usually made from concrete or asphalt.',NULL,NULL),(578,'utmost','最大限の / 最上の / 極度の / 最高の / 最大の',0,1,4,2,'2023-01-09 01:18:21','2023-01-09 01:18:21',1,NULL,61,NULL,'We paid utmost attention to the packing so that there would be no damage to the goods.',NULL,NULL),(579,'autonomy','自治権 / 自治国家 / 自治体 / 自主性 / 自律性',0,1,1,2,'2023-01-09 01:19:09','2023-01-09 01:19:09',1,NULL,63,NULL,'Kurdish aspirations for greater autonomy were under heavy fire on two fronts.',NULL,NULL),(580,'metropolis','首都 / 主要都市 / 大都市',0,1,1,2,'2023-01-09 01:19:52','2023-01-09 01:19:52',1,NULL,70,NULL,'A metropolis like London or Tokyo is like several cities in one.',NULL,NULL),(581,'hardship','困難 / 苦難 / 困窮 / 苦境 / 苦労',0,1,1,2,'2023-01-09 01:20:29','2023-01-09 01:20:29',1,NULL,72,NULL,' Hardship and poverty in their early lives produced many great inventors.',NULL,NULL),(582,'completion','完成 / 完了 / 終了',0,1,1,2,'2023-01-09 01:21:00','2023-01-09 01:21:00',1,NULL,77,NULL,'We hope to see the building\'s completion in about six months.',NULL,NULL),(583,'temptation','誘惑 / 衝動 / 誘惑物',0,1,1,2,'2023-01-09 01:21:54','2023-01-09 01:21:54',1,NULL,77,NULL,'The temptation to give up the plan may become overwhelmingly strong.',NULL,NULL),(584,'subtlety','巧妙さ / 希薄 / 繊細さ / 微妙',0,1,1,2,'2023-01-09 01:22:59','2023-01-09 01:22:59',1,NULL,79,NULL,'Subtlety is better than force.',274,NULL),(585,'stand','立つ / 我慢する / 耐える',0,1,3,2,'2023-01-09 03:20:49','2023-01-09 03:20:49',1,1,NULL,NULL,'I can\'t stand for such a stream of insults.',NULL,NULL),(586,'standardize','規格化する、基準に照らし合わせる、標準化する / 統一する / 画一化する / 共通にする',0,1,3,2,'2023-01-09 03:22:35','2023-01-09 03:22:35',1,1,54,NULL,'The British government is trying to standardize rules for utilizing the nationwide network of surveillance cameras.',585,NULL),(587,'stall','売店 / 露店 / 屋台',0,1,1,2,'2023-01-09 03:29:39','2023-01-09 03:29:39',1,1,NULL,NULL,'Food stalls line the parking lot on festival days.',585,NULL),(588,'forestall','先んじる / 出し抜く / 未然に防ぐ / 予想する',0,1,3,2,'2023-01-09 03:32:59','2023-01-09 03:32:59',1,1,NULL,112,'The United Nations was created first and foremost to forestall another war.',NULL,NULL),(589,'stead','代わり / 代理 / 助け / 有用 / 利益 / 場所',0,1,1,2,'2023-01-09 03:34:16','2023-01-09 03:34:16',1,1,NULL,NULL,'In stead of walking on a track her parents set up for her, she wanted to explore her own life.',NULL,NULL),(590,'steadfast','しっかりとした / 不動の / 忠実な / 安定の',0,1,4,2,'2023-01-09 03:39:39','2023-01-09 03:39:39',1,1,NULL,NULL,'My father is steadfast in his faith.',589,NULL),(591,'still','静かな / 穏やかな / 平穏な / 平静な / まだ / 未だ',0,1,4,2,'2023-01-09 03:41:06','2023-01-09 03:41:06',1,1,NULL,NULL,'Still waters run deep',NULL,NULL),(592,'stillness','静けさ / 静かさ / 静寂 / 沈黙',0,1,1,2,'2023-01-09 03:42:14','2023-01-09 03:42:14',1,1,NULL,NULL,'Savor the stillness.',591,NULL),(593,'unstable','不安定な / 不安定の / 変わりやすい',0,1,4,2,'2023-01-09 03:43:50','2023-01-09 03:43:50',1,1,NULL,92,'The country\'s economy is still unstable.',204,NULL),(594,'stabilize','安定させる / 一定に保つ / 安定する / 固定する',0,1,3,2,'2023-01-09 03:45:10','2023-01-09 03:45:10',1,1,54,NULL,'His condition has stabilized and he should recover.',204,NULL),(595,'established','設置された / 確立した / 設立された / 制定された',0,1,4,2,'2023-01-09 03:47:08','2023-01-09 03:47:08',1,1,18,NULL,'Established: April 5, 1963.',157,NULL),(596,'state','州 / 国家 / 地位 / 身分 / 状態 / 述べる',0,1,1,2,'2023-01-09 03:49:17','2023-01-09 03:49:17',1,1,NULL,NULL,'The company was in a terrible state last month.',NULL,NULL),(597,'stately','威厳のある / 堂々とした / 風格のある / 品のある',0,1,4,2,'2023-01-09 03:51:05','2023-01-09 03:51:05',1,1,58,NULL,'Portland has many stately public and private rose gardens.',596,NULL),(598,'statesman','(特に尊敬されている)政治家 / 優れた指導者',0,1,1,2,'2023-01-09 03:52:03','2023-01-09 03:52:03',1,1,NULL,NULL,'He was a statesman for 30 years, serving in the Diet.',596,NULL),(599,'estate','財産 / 資産 / 所有地 / 土地',0,1,1,2,'2023-01-09 03:53:52','2023-01-09 03:53:52',1,1,NULL,NULL,'The estate was assessed at 1 billion yen',NULL,NULL),(600,'substantially','実質上 / 実質的に / 大体は / 大幅に / かなり',0,1,5,2,'2023-01-09 03:56:51','2023-01-09 03:56:51',1,1,58,85,'Those products are of substantially the same quality.',227,NULL),(601,'substantiate','立証する / 実証する / 裏付ける / 具体化する / 実現する',0,1,3,2,'2023-01-09 03:57:40','2023-01-09 03:57:40',1,1,12,85,'I tried to substantiate and double-check what I was told.',228,NULL),(602,'station','配置する / 駐在させる / 就かせる / 駅',0,1,3,2,'2023-01-09 03:58:54','2023-01-09 03:58:54',1,1,NULL,NULL,'\"Station\" is often abbreviated as \"Sta.\"',NULL,NULL),(603,'stationary','動かない / 動かせない / 固定された / 静止した / 変化のない',0,1,4,2,'2023-01-09 04:02:35','2023-01-09 04:02:35',1,1,11,NULL,'stationary condition',602,NULL),(604,'statue','像 / 彫像 / 立像',0,1,1,2,'2023-01-09 04:03:18','2023-01-09 04:03:18',1,1,NULL,NULL,'The city built a statue of the mayor.',NULL,NULL),(605,'stature','身長 / 背丈 / 名声 / 偉大な',0,1,1,2,'2023-01-09 04:04:15','2023-01-09 04:04:15',1,1,NULL,NULL,'His stature as a great military leader was never questioned.',NULL,NULL),(606,'statute','法 / 法律 / 規則',0,1,1,2,'2023-01-09 04:05:20','2023-01-09 04:05:20',1,1,NULL,NULL,'The statute of limitations has expired.',NULL,NULL),(607,'destine','運命付ける / 命運を決める / 予定する / 運命する / 間違いない / 運命だ',0,1,3,2,'2023-01-09 04:07:18','2023-01-09 04:07:18',1,1,NULL,NULL,'Computers are destined to grow to the level of penetration.',NULL,NULL),(608,'destined','運命にある / 運命付けられた',0,1,4,2,'2023-01-09 04:08:17','2023-01-09 04:08:17',1,1,18,NULL,'Her father knew she was destined to be a doctor.',607,NULL),(609,'destiny','運命 / 宿命',0,1,1,2,'2023-01-09 04:08:56','2023-01-09 04:08:56',1,1,82,NULL,'Destiny takes a hand.',607,NULL),(610,'destination','目的地 / 行き先 / 送り先',0,1,1,2,'2023-01-09 04:09:28','2023-01-09 04:09:28',1,1,77,NULL,'Hawaii is the most popular destination in the world for tourists.',607,NULL),(611,'distant','遠い / 遠く / 距離のある / 離れた',0,1,4,2,'2023-01-09 04:10:38','2023-01-09 04:10:38',1,1,NULL,28,'It\'s exciting to travel to distant places.',NULL,NULL),(612,'distance','距離 / 間隔 / 隔たり',0,1,1,2,'2023-01-09 04:11:36','2023-01-09 04:11:36',1,1,6,28,'Distance could not keep them apart.',611,NULL),(613,'install','インストールする / 組み込む / 導入する / 設定する / 取り入れる',0,1,3,2,'2023-01-09 04:13:24','2023-01-09 04:13:24',1,1,NULL,113,'The communications software can be installed without modems.',NULL,NULL),(614,'installation','取り付け / 据え付け / 導入 / 就任',0,1,1,2,'2023-01-09 04:14:17','2023-01-09 04:14:17',1,1,77,NULL,'There is no charge for installation. However, a commitment of 12 continuous months is required.',613,NULL),(615,'instant','すぐの / すぐに / 即時の / 瞬間 / 差し迫った',0,1,4,2,'2023-01-09 04:16:04','2023-01-09 04:16:04',1,1,NULL,113,'Instant foods are bad for the baby!',NULL,NULL),(616,'instantaneous','即時の / 即座に / 瞬間の / 同時的な',0,1,4,2,'2023-01-09 04:18:27','2023-01-09 04:18:27',1,1,66,NULL,'His instantaneous reaction to my plan surprised me.',615,NULL),(617,'instantly','即座に / 直ちに / すぐに',0,1,5,2,'2023-01-09 04:19:09','2023-01-09 04:19:09',1,1,58,NULL,'The medicine worked instantly.',615,NULL),(618,'rest','休息 / 休養 / 睡眠 / 眠り / 静養 / 残り / 残部',0,1,1,2,'2023-01-09 04:22:53','2023-01-09 04:22:53',1,1,NULL,78,'Rest before venturing outdoors.',NULL,NULL),(619,'restless','じっとしていられない / そわそわする / 落ち着きのない / 落ち着かない / 不安な / 眠れない',0,1,4,2,'2023-01-09 04:24:03','2023-01-09 04:24:03',1,1,55,NULL,'The constant rain made him feel restless.',618,NULL),(620,'restoration','復元 / 復帰 / 王政復古 / 戻る',0,1,1,2,'2023-01-09 04:26:56','2023-01-09 04:26:56',1,1,77,NULL,'Restoration and Reconstruction',120,NULL),(621,'ecstasy','無我夢中 / 恍惚 / 有頂天 / 最高',0,1,1,2,'2023-01-09 04:27:52','2023-01-09 04:27:52',1,1,NULL,39,'The fans were listening in ecstasy to the singer.',NULL,NULL),(622,'ecstatic','恍惚とした / 有頂天になった / 我を忘れた / 熱狂的な / 興奮した',0,1,4,2,'2023-01-09 04:28:52','2023-01-09 04:28:52',1,1,39,NULL,'The ecstatic fans screamed when their team scored a goal.',621,NULL),(623,'assist','手伝う / 手助けする / 力を貸す / 援助する / 支援する / 助ける',0,1,3,2,'2023-01-09 04:33:27','2023-01-09 04:33:27',1,2,NULL,7,'I assist people using the Internet.',NULL,NULL),(624,'assistance','援助 / 支援 / 助力 / 手伝い',0,1,1,2,'2023-01-09 04:35:14','2023-01-09 04:35:14',1,2,6,NULL,'Assistance came in from around the world as well.',623,NULL),(625,'consistency','一貫性 / 不変性 / 矛盾がないこと / 一致',0,1,1,2,'2023-01-09 04:37:30','2023-01-09 04:37:30',1,2,23,NULL,'There is consistency in his argument.',34,NULL),(626,'here was an inconsistency in her alibi.','矛盾 / 不一致',0,1,1,2,'2023-01-09 04:38:57','2023-01-09 04:38:57',1,2,NULL,47,'here was an inconsistency in her alibi.',625,NULL),(627,'consistent','一致した / 矛盾のない / つじつまの合った / 一致する',0,1,4,2,'2023-01-09 04:39:44','2023-01-09 04:39:44',1,2,24,NULL,'His findings were consistent with the report.',34,NULL),(628,'consistently','一致して / 矛盾なく / つじつまが合って',0,1,5,2,'2023-01-09 04:40:28','2023-01-09 04:40:28',1,2,58,NULL,'Thank you very much for the fine arrangements you have consistently made for us over the past ten years.',34,NULL),(629,'inconsistent','一貫性のない / 矛盾した / 矛盾する / 一貫性に欠ける',0,1,4,2,'2023-01-09 04:41:56','2023-01-09 04:41:56',1,2,NULL,47,'Minshuto is inconsistent in its diplomatic and national security policies.',627,NULL),(630,'exist','存在する / 生存する / 存続する',0,1,3,2,'2023-01-09 04:43:07','2023-01-09 04:43:07',1,2,NULL,39,'A directory of the proposed name already exists.',NULL,NULL),(631,'existence','存在 / 存続 / 生存 / 生活',0,1,1,2,'2023-01-09 04:44:21','2023-01-09 04:44:21',1,2,23,NULL,'Its existence showed that humans were not alone in the universe.',630,NULL),(632,'existent','存在する / 存続する / 現行の / 現存する / 実在する',0,1,4,2,'2023-01-09 04:45:38','2023-01-09 04:45:38',1,2,24,NULL,'Among the existent translations, this is the one that reflects the original most faithfully.',630,NULL),(633,'insist','主張する / 断言する / 要求する / 求める',0,1,3,2,'2023-01-09 04:46:49','2023-01-09 04:46:49',1,2,NULL,113,'We insist upon the immediate release of the hostages.',NULL,NULL),(634,'insistence','主張 / 断言 / 要求',0,1,1,2,'2023-01-09 04:48:29','2023-01-09 04:48:29',1,2,23,NULL,'If there is insistence upon One China, then Taiwanese citizens are the same as Chinese citizens.',633,NULL),(635,'insistent','屈しない / 強要する / 断固たる / 執拗な / しつこい',0,1,4,2,'2023-01-09 04:49:31','2023-01-09 04:49:31',1,NULL,24,NULL,'But she was insistent, so in the end I gave in and showed it to her.',633,NULL),(636,'persist','しつこく主張する / 言い張る / 固執する / 続く',0,1,3,2,'2023-01-09 04:50:32','2023-01-09 04:50:32',1,2,NULL,65,'If symptoms persist for more than 7 days, stop use of this product.',NULL,NULL),(637,'persistence','粘り強さ / こだわり / 固執 / 執拗 / しつこさ / 永続性 / 粘り強さ',0,1,1,2,'2023-01-09 04:51:32','2023-01-09 04:51:32',1,2,23,NULL,'The police showed persistence by tracking the killer for years.',636,NULL),(638,'persistent','存在し続ける / 起こり続ける / 持続する',0,1,4,2,'2023-01-09 04:52:12','2023-01-09 04:52:12',1,2,24,NULL,'He had a persistent pain in his back after the accident.',636,NULL),(639,'persistently','持続的に / 粘り強く / しつこく / 執拗に / 頑固に / むきになって',0,1,5,2,'2023-01-09 04:53:22','2023-01-09 04:53:22',1,2,58,NULL,'The government, however, has been persistently cautious about accepting unskilled workers.',636,NULL),(640,'resistance','抵抗 / 反対 / 妨害 / 耐性 / 免疫',0,1,1,2,'2023-01-09 04:54:44','2023-01-09 04:54:44',1,2,6,NULL,'Resistance can develop very quickly.',498,NULL),(641,'irresistible','抵抗できない / 圧倒的な / 抑えられない / 大変魅力的な / 抑えられない',0,1,4,2,'2023-01-09 04:56:58','2023-01-09 04:56:58',1,2,2,47,'and was seized with an irresistible desire to view its interior.',498,NULL),(642,'subsist','存在する / 存続する / 生き残る / 生計を立てる',0,1,3,2,'2023-01-09 04:57:52','2023-01-09 04:57:52',1,2,NULL,85,'The people in the area subsisted largely on sea fishing.',NULL,NULL),(643,'subsistence','必要最低限の生活 / 生存 / 扶養 / 生計 / 収入',0,1,1,2,'2023-01-09 04:58:59','2023-01-09 04:58:59',1,2,23,NULL,'We\'re living at subsistence level. ',642,NULL),(644,'phenomenon','事実 / 現象 / 出来事',0,1,1,2,'2023-01-10 03:56:51','2023-01-10 03:56:51',1,NULL,NULL,NULL,'This strange phenomenon attracted the national attention.',NULL,NULL),(645,'discriminate','差別する / 見分ける / 区別する / 分ける',0,1,3,2,'2023-01-10 04:00:18','2023-01-10 04:00:18',1,NULL,NULL,28,'Don\'t discriminate against foreigners.',NULL,NULL),(646,'discrimination','不公平な扱い / 差別 / 区別',0,1,1,2,'2023-01-10 04:01:11','2023-01-10 04:01:11',1,NULL,77,NULL,'He called on Parliament to repeal immediately the pillars of discrimination.',645,NULL),(647,'prejudice','先入観 / 偏見 / 嫌悪感',0,1,1,2,'2023-01-10 04:02:44','2023-01-10 04:02:44',1,NULL,NULL,NULL,'Martin Luther King Jr. devoted his life to fighting prejudice.',NULL,NULL),(648,'expect','予期する / 期待する / 予想する',0,1,3,2,'2023-01-10 05:23:16','2023-01-10 05:23:16',1,NULL,NULL,39,'\"Hey, Kelly! I heard you got a big bonus!\" \"Yeah, I\'m really surprised, because I wasn\'t expecting that much!\"',NULL,NULL),(649,'fault','誤り / 過ち / 過失 / 落ち度 / 責任',0,1,1,2,'2023-01-10 05:24:25','2023-01-10 05:24:25',1,NULL,NULL,NULL,'This isn\'t anybody\'s fault.',NULL,NULL),(650,'prospect','見込み / 可能性 / 見通し / 方向',0,1,1,2,'2023-01-10 05:25:39','2023-01-10 05:25:39',1,NULL,NULL,72,'The prospect for rapid progress in the research has been enhanced.',NULL,NULL),(651,'terrible','酷く / 酷い / 悪い / 悪く / 極端な / かなり',0,1,4,2,'2023-01-10 05:28:19','2023-01-10 05:28:19',1,NULL,NULL,NULL,'We had terrible weather during our trip.',NULL,NULL),(652,'terribly','酷く / 恐ろしく / とんでもなく / かなり / とても',0,1,5,2,'2023-01-10 05:29:45','2023-01-10 05:29:45',1,NULL,58,NULL,'I\'m terribly sleepy today because I went to bed pretty late last night.',651,NULL),(653,'terrify','怖がらせる / ゾッとさせる / 恐怖に陥れる',0,1,3,2,'2023-01-10 05:30:28','2023-01-10 05:30:28',1,NULL,58,NULL,' You should not terrify little children just for fun.',651,NULL),(654,'awful','恐ろしい / 恐ろしく / 酷い / 酷く / かなり',0,1,4,2,'2023-01-10 05:31:43','2023-01-10 05:31:43',1,NULL,34,NULL,'An awful storm with thunder and lightning came up.',NULL,NULL),(655,'horrible','恐ろしい / 酷く / 酷い / 嫌な / 無礼な / 怖い',0,1,4,2,'2023-01-10 05:32:49','2023-01-10 05:32:49',1,NULL,2,NULL,'A horrible idea occurred to me.',NULL,NULL),(656,'cruel','残酷な / 残虐な / 無慈悲な / 非情な / 残酷の / 過酷な / 辛い',0,1,4,2,'2023-01-10 05:33:48','2023-01-10 05:33:48',1,NULL,NULL,NULL,'A cruel destiny awaited the refugees.',NULL,NULL),(657,'sustain','持続する / 維持する / 支持する',0,1,3,2,'2023-01-10 05:34:54','2023-01-10 05:34:54',1,NULL,NULL,NULL,'The company was able to sustain its rapid rate of growth.',NULL,NULL),(658,'perceive','気付く / 見抜く / 理解する / 知覚する',0,1,3,2,'2023-01-10 05:35:51','2023-01-10 05:35:51',1,NULL,NULL,65,'He can perceive my true feelings.',NULL,NULL),(659,'admit','認める / 承認する / 許可する / 許す',0,1,3,2,'2023-01-10 05:36:58','2023-01-10 05:36:58',1,NULL,NULL,NULL,'I admit that I was wrong.',NULL,NULL),(660,'administration','陣営 / 政権 / 運営陣 / 経営陣 / 運営',0,1,1,2,'2023-01-10 05:38:33','2023-01-10 05:38:33',1,NULL,77,NULL,'Administration of Juvenile Training School',659,NULL),(661,'psychology','心理学',0,1,1,2,'2023-01-10 05:39:16','2023-01-10 05:39:16',1,NULL,82,NULL,'My brother majored in psychology at college.',NULL,NULL),(662,'relevant','関連がある / 関連のある / 関連する',0,1,4,2,'2023-01-10 05:41:11','2023-01-10 05:41:11',1,NULL,8,NULL,'Relevant Persons',NULL,NULL),(663,'witness','目撃者 / 証人 / 参考人 / 立会人 / 目撃する(v)',0,1,1,2,'2023-01-10 05:42:11','2023-01-10 05:42:11',1,NULL,62,NULL,'I witnessed a car accident on the way to work yesterday.',NULL,NULL),(664,'indifferent','無頓着 / 無関心 / 興味がない',0,1,4,2,'2023-01-10 05:45:52','2023-01-10 05:45:52',1,NULL,NULL,113,'He\'s quite indifferent to his clothes.',NULL,NULL),(665,'curious','好奇心の強い / 興味深い / 興味のある / 興味がある',0,1,4,2,'2023-01-10 05:47:07','2023-01-10 05:47:07',1,NULL,NULL,NULL,' Be curious about them, and instead of thinking, \"They don\'t understand\", realize that maybe you don\'t understand.',NULL,NULL),(666,'curiosity','好奇心',0,1,1,2,'2023-01-10 05:48:02','2023-01-10 05:48:02',1,NULL,52,NULL,'The curiosity is killing me.',665,NULL),(667,'tend','傾向がある',0,1,3,2,'2023-01-10 05:50:29','2023-01-10 05:50:29',1,NULL,NULL,NULL,'Children tend to ask tons of questions to satisfy their curiosity.',NULL,NULL),(668,'tendency','傾向',0,1,1,2,'2023-01-10 05:51:21','2023-01-10 05:51:21',1,NULL,23,NULL,'He has a tendency to talk too fast whenever he\'s nervous.',667,NULL),(669,'incline','傾く / 傾斜する / したいと思う / なりたい',0,1,3,2,'2023-01-10 05:52:56','2023-01-10 05:52:56',1,NULL,NULL,NULL,'She\'s inclined toward becoming a teacher.',NULL,NULL),(670,'feeling','感触 / 感覚 / 感情 / 意見 / 感じ / 気持ち',0,1,1,2,'2023-01-10 05:54:03','2023-01-10 05:54:03',1,NULL,46,NULL,'I know the feeling well.',NULL,NULL),(671,'sense','感覚 / 知覚 / 感触 / 感じ / 意味 / 思慮 / 意識',0,1,1,2,'2023-01-10 05:54:59','2023-01-10 05:54:59',1,NULL,NULL,NULL,'Sense of purpose, however, can appear in many forms.',NULL,NULL),(672,'mad','気が狂って / 怒って / 頭にきて / 発狂して / おかしい',0,1,4,2,'2023-01-10 05:57:25','2023-01-10 05:57:25',1,NULL,NULL,NULL,'Getting mad doesn\'t help.',NULL,NULL),(673,'sympathy','同情 / 思いやり / 共感',0,1,1,2,'2023-01-10 05:59:25','2023-01-10 05:59:25',1,NULL,82,NULL,'I felt sympathy, closeness and respect for him, and I conveyed that to him.',NULL,NULL),(674,'sorrow','悲しみ / 悲哀 / 後悔 / 悲しさ',0,1,1,2,'2023-01-10 05:59:56','2023-01-10 05:59:56',1,NULL,NULL,NULL,'Everyone has his own burden of sorrows.',NULL,NULL),(675,'depress','押し下げる / 押圧する / 落胆する / 落ち込む',0,1,3,2,'2023-01-10 06:00:48','2023-01-10 06:00:48',1,NULL,NULL,25,'The news of the candidate\'s defeat will depress many people.',NULL,NULL),(676,'depression','落ち込み / 意気消沈 / 絶望 / 不景気 / 鬱病',0,1,1,2,'2023-01-10 06:02:05','2023-01-10 06:02:05',1,NULL,47,25,'Depression is a common disease.',675,NULL),(677,'regret','後悔する / 悔しく思う / 残念に思う',0,1,3,2,'2023-01-10 06:02:45','2023-01-10 06:02:45',1,NULL,NULL,NULL,'I deeply regret what I did.',NULL,NULL),(678,'despair','絶望する / 失望する / 落胆する / 諦める',0,1,3,2,'2023-01-10 06:03:54','2023-01-10 06:03:54',1,NULL,NULL,NULL,'There is no need to despair.',NULL,NULL),(679,'desperate','絶望的な / 厳しい / 酷い',0,1,4,2,'2023-01-10 06:04:41','2023-01-10 06:04:41',1,NULL,12,NULL,'Desperate disease must have desperate remedies.',678,NULL),(680,'ashamed','恥ずかしい / 恥じて',0,1,4,2,'2023-01-10 06:05:12','2023-01-10 06:05:12',1,NULL,NULL,NULL,'I feel ashamed.',NULL,NULL),(681,'uneasy','不安な / 心配な',0,1,4,2,'2023-01-10 06:05:49','2023-01-10 06:05:49',1,NULL,NULL,92,'I\'m uneasy about giving a speech in front of all those people.',NULL,NULL),(682,'currency','通貨 / 貨幣',0,1,1,2,'2023-01-10 06:06:14','2023-01-10 06:06:14',1,NULL,NULL,NULL,'After the reunification, the East German currency became worthless.',NULL,NULL),(683,'acknowledge','認める / 承認する / 同意する / 認識する / 受け入れる / 白状する',0,1,3,2,'2023-01-10 06:07:10','2023-01-10 06:07:10',1,NULL,NULL,NULL,'Everyone acknowledges that.',NULL,NULL),(684,'adopt','選ぶ / 採用する / 導入する / 承認する',0,1,3,2,'2023-01-10 06:08:07','2023-01-10 06:08:07',1,NULL,NULL,NULL,'The company adopted a new wage plan.',NULL,NULL),(685,'adoption','採用 / 選択 / 採択 / 導入',0,1,1,2,'2023-01-10 06:09:35','2023-01-10 06:09:35',1,NULL,NULL,NULL,'The adoption of an aggressive marketing strategy helped increase the company\'s share.',684,NULL),(686,'apply','適用する / 当てはめる / 申し込む / 出願する',0,1,3,2,'2023-01-10 06:10:23','2023-01-10 06:10:23',1,NULL,NULL,NULL,'Please apply up to one month before the day you wish to start the program.',NULL,NULL),(687,'application','申し込み / 申請 / 出願 / 志願すること / 応募',0,1,1,2,'2023-01-10 06:11:14','2023-01-10 06:11:14',1,NULL,77,NULL,'His application for a student visa was rejected.',686,NULL),(688,'equipment','設備 / 備品 / 機器 / 装置 / 機材 / 用品',0,1,1,2,'2023-01-10 06:12:19','2023-01-10 06:12:19',1,NULL,NULL,NULL,'I bought camping equipment at the outdoor shop',NULL,NULL),(689,'material','原料 / 材料 / 資材 / 資料',0,1,1,2,'2023-01-10 06:12:58','2023-01-10 06:12:58',1,NULL,NULL,NULL,'All the materials you provided were very instructive.',NULL,NULL),(690,'idea','考え / 着想 / アイデア / 発想 / 思い付き / 意見',0,1,1,2,'2023-01-10 06:13:31','2023-01-10 06:13:31',1,NULL,NULL,NULL,'Any other ideas?',NULL,NULL),(691,'ideal','理想の / 究極の目標 / 理想的な',0,1,4,2,'2023-01-10 06:14:41','2023-01-10 06:14:41',1,NULL,4,NULL,'It\'s ideal, isn\'t it?',690,NULL),(692,'bright','輝く / 輝いている / 光っている / まぶしい / 晴れて / 晴れた / 明るい',0,1,4,2,'2023-01-10 06:15:36','2023-01-10 06:15:36',1,NULL,NULL,NULL,'Bright and sunny again.',NULL,NULL),(693,'notion','意見 / 考え / 見解',0,1,1,2,'2023-01-10 06:16:12','2023-01-10 06:16:12',1,NULL,77,NULL,'That notion was soon given over.',NULL,NULL),(694,'abstract','抽象的な・概念上の(adv) / 要約 / 要約する(v)',0,1,1,2,'2023-01-10 06:17:42','2023-01-10 06:17:42',1,NULL,NULL,NULL,'The abstract should not exceed 15 lines of text.',NULL,NULL),(695,'concrete','コンクリート / 具体的な / 具体的に',0,1,4,2,'2023-01-10 06:18:46','2023-01-10 06:18:46',1,NULL,NULL,NULL,'However, concrete steps toward such goals still have not been presented.',NULL,NULL),(696,'whole','全体の / 全部の / 全ての',0,1,4,2,'2023-01-10 06:19:35','2023-01-10 06:19:35',1,NULL,NULL,NULL,'Whole coastal communities were wiped out.',NULL,NULL),(697,'prompt','即座の / すぐの / 迅速な / 敏速な / 素早い / 機敏な / 速やかな',0,1,4,2,'2023-01-10 06:20:13','2023-01-10 06:20:13',1,NULL,NULL,NULL,'The bystander\'s prompt action saved their lives.',NULL,NULL),(698,'afford','余裕がある / できる / ある',0,1,3,2,'2023-01-10 06:20:53','2023-01-10 06:20:53',1,NULL,NULL,NULL,'Can you afford the time to stay? ',NULL,NULL),(699,'instinct','本能 / 直感 / 衝動',0,1,1,2,'2023-01-10 06:21:30','2023-01-10 06:21:30',1,NULL,NULL,NULL,'Instinct told them that the place was dangerous.',NULL,NULL),(700,'instinctive','直感的な / 本能的な / 衝動的な',0,1,4,2,'2023-01-10 06:22:23','2023-01-10 06:22:23',1,NULL,53,NULL,'His instinctive reaction was to flee from danger.',699,NULL),(701,'extreme','極端な / 極端に',0,1,4,2,'2023-01-10 06:23:16','2023-01-10 06:23:16',1,NULL,NULL,NULL,'Extreme differences exist together at the same time.',NULL,NULL),(702,'command','命令する / 指示する / 注文する / 要求する',0,1,3,2,'2023-01-10 06:25:43','2023-01-10 06:25:43',1,NULL,NULL,NULL,'\"What is your command?\"',NULL,NULL),(703,'deny','否定する / 認めない / 信じない / 拒否する',0,1,3,2,'2023-01-10 06:27:06','2023-01-10 06:27:06',1,NULL,NULL,NULL,'I can\'t deny the fact that nanotech is a coming thing.',NULL,NULL),(704,'denial','否認 / 否定 / 拒否',0,1,1,2,'2023-01-10 06:28:09','2023-01-10 06:28:09',1,NULL,38,NULL,'He gave a flat denial of the rumor.',703,NULL),(705,'constitute','構成する / 設立する',0,1,3,2,'2023-01-11 04:11:19','2023-01-11 04:11:19',1,2,NULL,20,'Seven days constitute a week.',NULL,NULL),(706,'constitution','憲法 / 規約 / 政体 / 構成 / 構造',0,1,1,2,'2023-01-11 04:12:12','2023-01-11 04:12:12',1,2,77,NULL,'The country\'s constitution needs to be changed.',705,NULL),(707,'constitutional','憲法の / 憲法上の / 立憲的な / 合憲の / 合法的な',0,1,4,2,'2023-01-11 04:13:47','2023-01-11 04:13:47',1,2,4,NULL,'Free speech is a constitutional right in many nations.',706,NULL),(708,'constituent','構成する / 構成の / 構成要素である / 成分の',0,1,4,2,'2023-01-11 04:16:11','2023-01-11 04:16:11',1,2,24,NULL,'The constituent parts of this machine are quite expensive.',705,NULL),(709,'destitute','極貧の / 貧窮した / 貧困の / 貧しい',0,1,4,2,'2023-01-11 04:17:50','2023-01-11 04:17:50',1,2,NULL,25,'They remained destitute for want of necessary funds to start a small business.',NULL,NULL),(710,'institute','設ける / 制定する / 設立する',0,1,3,2,'2023-01-11 04:22:28','2023-01-11 04:22:28',1,NULL,NULL,47,'institute a fund',NULL,NULL),(711,'institution','機関 / 組織 / 協会 / 設立',0,1,1,2,'2023-01-11 04:23:32','2023-01-11 04:23:32',1,2,77,NULL,'They hope to gain a consensus to strengthen United Nations institutions to protect human rights.',710,NULL),(712,'substitute','代理人 / 代用品 / 代替 / 補欠 / 代わりの',0,1,1,2,'2023-01-11 04:24:53','2023-01-11 04:24:53',1,2,NULL,85,'A substitute teacher took the class in our teacher\'s absence.',NULL,NULL),(713,'superstition','迷信 / 盲信 / 妄想',0,1,1,2,'2023-01-11 04:27:29','2023-01-11 04:27:29',1,2,77,86,'A foolish superstition is circulating in this area.',NULL,NULL),(714,'superstitious','迷信を信じる / 迷信深い / 縁起を担ぐ',0,1,4,2,'2023-01-11 04:28:34','2023-01-11 04:28:34',1,2,66,NULL,'My grandmother is very superstitious.',713,NULL),(715,'affair','事柄 / 出来事 / 業務 / 仕事 / 問題 / 恋愛事件',0,1,1,2,'2023-01-11 04:46:26','2023-01-11 04:46:26',1,3,NULL,5,'This affair has been kept secret for too long; it\'s time it was brought out into the open.',NULL,NULL),(716,'affect','作用する / 影響する / 響く / 与える',0,1,3,2,'2023-01-11 04:47:39','2023-01-11 04:47:39',1,3,NULL,7,'His words affected me deeply.',NULL,NULL),(717,'affection','愛情 / 愛着 / 優しい気持ち / 好意',0,1,1,2,'2023-01-11 04:48:36','2023-01-11 04:48:36',1,3,77,NULL,'His affection for his wife remained unaltered.',716,NULL),(718,'disaffect','不満を抱く / 背かせる',0,1,3,2,'2023-01-11 04:50:27','2023-01-11 04:50:27',1,3,NULL,28,'be disaffected by politics',716,NULL),(719,'affectionate','愛情のある / 優しい / 親密な / 親愛な / 親しい',0,1,4,2,'2023-01-11 04:51:46','2023-01-11 04:51:46',1,3,12,NULL,'I\'m on affectionate terms with her.',717,NULL),(720,'artifice','巧妙さ / 策略',0,1,1,2,'2023-01-11 04:52:47','2023-01-11 04:52:47',1,3,NULL,NULL,'by artifice',NULL,NULL),(721,'artifact','人工物 / 加工品 / 工芸品 / 芸術品 / 所産',0,1,1,2,'2023-01-11 04:54:57','2023-01-11 04:54:57',1,3,NULL,NULL,'I\'m hoping, some little artifact of some sort.',720,NULL),(722,'benefit','便益 / 恩恵 / 利益',0,1,1,2,'2023-01-11 04:55:47','2023-01-11 04:55:47',1,3,NULL,15,'I think this development is a great benefit to the community.',NULL,NULL),(723,'beneficial','都合が良い / 役に立つ / 有益な / 便利な',0,1,4,2,'2023-01-11 04:56:44','2023-01-11 04:56:44',1,3,4,NULL,'Exercise is beneficial to your health.',722,NULL),(724,'benefactor','後援者 / 慈善活動家 / 恩人 / 寄附者',0,1,1,2,'2023-01-11 04:57:59','2023-01-11 04:57:59',1,3,64,NULL,'We shall always remember you as one of our greatest benefactors.',722,NULL),(725,'counterfeit','偽の / 偽りの / 偽造の / 見せかけの / 嘘の',0,1,4,2,'2023-01-11 04:59:23','2023-01-11 04:59:23',1,3,NULL,21,'She forced a smile and asked with counterfeit kindness.',NULL,NULL),(726,'defect','欠陥 / 短所 / 欠点 / 不備 / 不良 / 不具合 / 離脱する・逃亡する・亡命する(v)',0,1,1,2,'2023-01-11 05:00:30','2023-01-11 05:00:30',1,3,NULL,25,'Everyone has the defects of his qualities. ',NULL,NULL),(727,'deficient','欠けた / 不足した / 不完全な / 不十分な',0,1,4,2,'2023-01-11 05:01:41','2023-01-11 05:01:41',1,3,NULL,25,'Japanese teenagers nowadays are eating a terrible diet, deficient in essential vitamins and minerals.',NULL,NULL),(728,'deficiency','不足 / 欠乏 / 欠陥 / 不備',0,1,1,2,'2023-01-11 05:02:42','2023-01-11 05:02:42',1,3,23,NULL,'Vitamin A deficiency leads to irreversible blindness in children.',727,NULL),(729,'deficit','赤字額 / 不足額 / 損失',0,1,1,2,'2023-01-11 05:03:46','2023-01-11 05:03:46',1,3,NULL,NULL,'The government\'s deficit was well above that of the other countries.',727,NULL),(730,'difficulty','難しさ / 困難 / 障害',0,1,1,2,'2023-01-11 05:05:23','2023-01-11 05:05:23',1,3,79,NULL,'The difficulty would be getting used to that lifestyle.',NULL,NULL),(731,'effect','効果 / 効力 / 効能 / 影響',0,1,1,2,'2023-01-11 05:06:16','2023-01-11 05:06:16',1,3,NULL,39,'The medicine had no effect on me.',NULL,NULL),(732,'effective','効果的な / 有効な',0,1,4,2,'2023-01-11 05:07:01','2023-01-11 05:07:01',1,3,53,NULL,'Our company provides effective support for the users.',731,NULL),(733,'ineffective','効果のない / 無効な / 無力な / 意味のない',0,1,4,2,'2023-01-11 05:08:01','2023-01-11 05:08:01',1,3,NULL,47,'Ineffective in humans?',732,NULL),(734,'effectively','事実上 / 完全に / 有効に / 効果的に / 実際',0,1,5,2,'2023-01-11 05:09:41','2023-01-11 05:09:41',1,3,58,NULL,'The movement effectively collapsed by the end of the 1970s.',732,NULL),(735,'face','顔(n) / 直面する / 立ち向かう / 抱える',0,1,3,2,'2023-01-11 05:16:39','2023-01-11 05:16:39',1,3,NULL,NULL,'The country is facing severe food shortages.',NULL,NULL),(736,'faceless','顔のない / 個性のない / 主体性のない / 何の特徴もない / 無名の / 無個性の / 身元不明の',0,1,4,2,'2023-01-11 05:18:08','2023-01-11 05:18:08',1,3,55,NULL,'However, foreign countries say Japan\'s foreign policy is \"faceless.\"',735,NULL),(738,'facile','容易な / 簡単な / 安直な',0,1,4,2,'2023-01-13 02:23:51','2023-01-13 02:23:51',1,3,NULL,NULL,'facile answer',NULL,NULL),(739,'facility','施設 / 設備/ 容易',0,1,1,2,'2023-01-13 02:25:29','2023-01-13 02:25:29',1,3,52,NULL,'facility built with government subsidies',738,NULL),(740,'facilitation','ファシリテーション / 容易 / 促進',0,1,1,2,'2023-01-13 02:27:29','2023-01-13 02:27:29',1,3,77,NULL,'learning facilitation',739,NULL),(741,'faculty','能力 / 才能',0,1,1,2,'2023-01-13 02:30:08','2023-01-13 02:30:08',1,3,79,NULL,'faculty development',738,NULL),(742,'fact','事実',0,1,1,2,'2023-01-13 02:30:42','2023-01-13 02:30:42',1,3,NULL,NULL,'Fact is stranger than fiction.',NULL,NULL),(743,'fact-finding','実情調査 / 実態調査 / 事実調査',0,1,1,2,'2023-01-13 02:32:10','2023-01-13 02:32:10',1,3,NULL,NULL,'The UN Fact-Finding Mission on the Gaza Conflict concurred with this assessment.',742,NULL),(744,'factual','事実の / 実際の',0,1,4,2,'2023-01-13 02:33:42','2023-01-13 02:33:42',1,3,4,NULL,'consider factual evidence',742,NULL),(745,'faction','派閥 / 党派 / 組織',0,1,1,2,'2023-01-13 02:34:37','2023-01-13 02:34:37',1,3,77,NULL,'That faction had the lock on construction industry bribes and political contributions.',NULL,NULL),(746,'factional','派閥の / 党派の / 組織の',0,1,4,2,'2023-01-13 02:36:31','2023-01-13 02:36:31',1,3,4,NULL,'on the basis of factional considerations',745,NULL),(747,'feasible','適した / 実現できる / 実現可能な / 実行可能な / 実行できる',0,1,4,2,'2023-01-13 02:37:30','2023-01-13 02:37:30',1,3,2,NULL,'Her proposal seems to be the only feasible solution.',NULL,NULL),(748,'forfeit','剥奪 / 喪失 / 没収 / 罰金',0,1,1,2,'2023-01-13 02:39:45','2023-01-13 02:39:45',1,3,NULL,NULL,'That\'s forfeit.',NULL,NULL),(749,'infect','感染する / 侵入する / 入る',0,1,3,2,'2023-01-13 02:40:51','2023-01-13 02:40:51',1,3,NULL,47,'The child infected everyone in his class with the flu.',NULL,NULL),(750,'infection','感染病 / 伝染病',0,1,1,2,'2023-01-13 02:41:49','2023-01-13 02:41:49',1,3,77,NULL,'The doctor used new medicine to prevent the infection from spreading.',749,NULL),(751,'magnificent','壮大な / 雄大な / 素晴らしい / 最高の / 見事な',0,1,4,2,'2023-01-13 02:42:43','2023-01-13 02:42:43',1,3,NULL,NULL,'This magnificent scene is one of many from the Grand Canyon.',NULL,NULL),(752,'qualify','資格を得る / 資格を取得する / 適任である / 予選を通過する / 獲得する / 持つ',0,1,3,2,'2023-01-13 02:46:04','2023-01-13 02:46:04',1,3,NULL,NULL,'To qualify for membership, you must be 60 or older.',NULL,NULL),(753,'qualification','資格 / 必要条件 / 素質 / 技能 / 能力 / 力',0,1,1,2,'2023-01-13 02:47:44','2023-01-13 02:47:44',1,3,77,NULL,'He has the necessary qualifications to lead the company.',752,NULL),(754,'quantify','量を測る / 数値化する / 定量化する',0,1,3,2,'2023-01-13 02:49:33','2023-01-13 02:49:33',1,3,35,NULL,'risk that is difficult to quantify',NULL,NULL),(755,'quantity','量',0,1,1,2,'2023-01-13 02:51:25','2023-01-13 02:51:25',1,3,79,NULL,'quantity and quality',754,NULL),(756,'quantum','量子',0,1,1,2,'2023-01-13 02:52:22','2023-01-13 02:52:22',1,3,NULL,NULL,'She is studying quantum physics in graduate school.',754,NULL),(757,'satisfy','満足させる / 満足する / 満たす / 達する',0,1,1,2,'2023-01-13 02:54:31','2023-01-13 02:54:31',1,3,35,NULL,'Restaurants must satisfy strict health inspection criteria.',NULL,NULL),(758,'satisfaction','実現 / 達成 / 成就 / 満足',0,1,1,2,'2023-01-13 02:55:39','2023-01-13 02:55:39',1,3,77,NULL,'Satisfaction comes from a sense of unity between the audience and performers.',550,NULL),(759,'suffice','十分である / 足りる / 必要を満たす / 大丈夫 / ok',0,1,3,2,'2023-01-13 02:56:47','2023-01-13 02:56:47',1,3,NULL,85,'A few weeks will suffice.',NULL,NULL),(760,'sufficiently','十分に / 足りて',0,1,5,2,'2023-01-13 02:59:04','2023-01-13 02:59:04',1,3,58,NULL,'I cannot sufficiently express in words how I feel.',759,NULL),(761,'sufficient','十分な / 満足な / 足りる',0,1,4,2,'2023-01-13 02:59:50','2023-01-13 02:59:50',1,3,24,NULL,'When we go camping, we\'ll need sufficient food for a week.',759,NULL),(762,'anticipation','予想 / 予知 / 予期 / 予感',0,1,1,2,'2023-01-13 03:04:25','2023-01-13 03:04:25',1,4,77,NULL,'Anticipation of death is worse than death itself.',403,NULL),(763,'capable','才能のある / 有能な / 能力のある / 優れた',0,1,4,2,'2023-01-13 03:05:21','2023-01-13 03:05:21',1,4,2,NULL,'He proved himself to everyone that he was capable as a team leader.',NULL,NULL),(764,'incapable','無能な / 能力のない / することができない',0,1,4,2,'2023-01-13 03:06:54','2023-01-13 03:06:54',1,4,NULL,47,'The police are incapable of controlling the crowd.',763,NULL),(765,'capability','能力 / 機能',0,1,1,2,'2023-01-13 03:07:55','2023-01-13 03:07:55',1,4,52,NULL,'A good manager can draw out staff members\' capabilities.',763,NULL),(766,'capture','捕らえる / 捕まえる / 捕獲する',0,1,3,2,'2023-01-13 03:09:00','2023-01-13 03:09:00',1,4,NULL,NULL,'The soldiers captured the lion and took it to the zoo.',NULL,NULL),(767,'recapture','思い出す / 奪い返す / 取り戻す / 取り返す',0,1,3,2,'2023-01-13 03:10:22','2023-01-13 03:10:22',1,4,NULL,78,'What they\'re trying to do is recapture something that we lost.',187,NULL),(768,'captor','捕らえる人 / 逮捕者 / 捕獲者',0,1,1,2,'2023-01-13 03:11:27','2023-01-13 03:11:27',1,4,64,NULL,'The rebels were finally freed by the captors.',187,NULL),(769,'captive','捕虜の / 人質の / 捕まった / 捕らえられた',0,1,4,2,'2023-01-13 03:15:24','2023-01-13 03:15:24',1,4,53,NULL,'The captive guerrilla begged for his life.',NULL,NULL),(770,'captivate','魅了する / 心を奪う / 虜にする',0,1,3,2,'2023-01-13 03:16:37','2023-01-13 03:16:37',1,4,12,NULL,'She captivated the audience with her expressive voice.',NULL,NULL),(771,'caption','字幕 / 表題 / 見出し',0,1,1,2,'2023-01-13 03:18:12','2023-01-13 03:18:12',1,4,47,NULL,'Set the page footer caption and optional margin.',NULL,NULL),(772,'conceive','抱く / 心に描く / 思い付く / 着想する / 考える',0,1,3,2,'2023-01-13 03:21:08','2023-01-13 03:21:08',1,4,NULL,20,'He conceived of the plan while he was shaving.',NULL,NULL),(773,'inconceivable','有り得ない / 信じられない / 考えつかない / 思いつかない / 想像を超えた',0,1,4,2,'2023-01-13 03:22:25','2023-01-13 03:22:25',1,4,2,47,'It is inconceivable that Japan would ever again invade another country.',772,NULL),(774,'deceive','騙す / 惑わす / 欺く',0,1,3,2,'2023-01-13 03:24:58','2023-01-13 03:24:58',1,4,NULL,25,'Don\'t be deceived by first impressions.',NULL,NULL),(775,'concept','概念 / 観念 / 考え / 意見',0,1,1,2,'2023-01-13 03:26:21','2023-01-13 03:26:21',1,4,NULL,NULL,'He was not good at explaining his concepts clearly.',NULL,NULL),(776,'conception','思考 / 構想 / 観念 / 考え / 想像 / 着想 / 概念',0,1,1,2,'2023-01-13 03:27:30','2023-01-13 03:27:30',1,4,77,NULL,'The conception of human evolution in the 19th century is still dominant today.',775,NULL),(777,'preconception','予想 / 先入観 / 思い込み / 偏見',0,1,1,2,'2023-01-13 03:28:43','2023-01-13 03:28:43',1,4,NULL,70,'\"People need to stop this preconception that online education is just a human-machine interaction,\" asserts McCarty.',776,NULL),(778,'deception','騙し / 騙すこと / 詐欺 / 欺き',0,1,1,2,'2023-01-13 03:30:06','2023-01-13 03:30:06',1,4,77,25,'Deception by friends is the most painful thing.',774,NULL),(779,'deceit','偽り / 詐欺 / 騙し',0,1,1,2,'2023-01-13 03:30:52','2023-01-13 03:30:52',1,4,NULL,NULL,'He accused them of deceit.',774,NULL),(780,'emancipate','解放する / 自由にする',0,1,3,2,'2023-01-13 03:33:27','2023-01-13 03:33:27',1,4,12,31,'The praises of a country longing to be emancipated.',NULL,NULL),(781,'except','を除いて / 以外に',0,1,7,2,'2023-01-13 03:35:00','2023-01-13 03:35:00',1,4,NULL,39,'I don\'t need anybody except you.',NULL,NULL),(782,'exceptional','例外的な / 普通と異なる / 格別の / 並外れた / 素晴らしい / 優れた',0,1,4,2,'2023-01-13 03:37:05','2023-01-13 03:37:05',1,4,4,NULL,'His writing style is exceptional and unique.',354,NULL),(783,'incept','取り入れる / 摂取する / 飲み込む / 開始する / 始める / 創業する',0,1,3,2,'2023-01-13 03:39:49','2023-01-13 03:39:49',1,4,NULL,47,'The company was incepted in the year 2006.',NULL,NULL),(784,'inception','創業 / 始まり / 開始',0,1,1,2,'2023-01-13 03:40:30','2023-01-13 03:40:30',1,4,77,NULL,'Their inception of business is of quite a recent date.',783,NULL),(785,'municipal','地方自治の / 都市の / 地方の',0,1,4,2,'2023-01-13 03:42:49','2023-01-13 03:42:49',1,4,4,NULL,'The municipal taxes were high compared to the state taxes.',NULL,NULL),(786,'occupy','居住する / 占める / 占領する / 住む',0,1,3,2,'2023-01-13 03:43:58','2023-01-13 03:43:58',1,4,NULL,58,'Our company occupies the fifth floor and up in this building.',NULL,NULL),(787,'occupant','占有者 / 居住者 / 現住者 / 客',0,1,1,2,'2023-01-13 03:45:25','2023-01-13 03:45:25',1,4,8,NULL,'MAXIMUM OCCUPANT LOAD 80',786,NULL),(788,'occupation','職業 / 業務 / 仕事',0,1,1,2,'2023-01-13 03:46:21','2023-01-13 03:46:21',1,4,77,NULL,'occupation, residence, and registered domicile of the juvenile; and',786,NULL),(789,'preoccupy','夢中にする / 心を奪う / 興味のある / 気を取られている / 上の空 / 先取りする',0,1,3,2,'2023-01-13 03:48:12','2023-01-13 03:48:12',1,4,NULL,70,'You seem a little preoccupied.',786,NULL),(790,'perception','知覚 / 認知 / 気づき / 理解 / 認識',0,1,1,2,'2023-01-13 03:50:56','2023-01-13 03:50:56',1,4,77,NULL,'This perception is shared by both Japan and the United States.',658,NULL),(791,'recuperate','回復する / 取り戻す / 静養する / 休む',0,1,3,2,'2023-01-13 03:53:17','2023-01-13 03:53:17',1,4,NULL,NULL,'The heart patient was released from the hospital to recuperate at home.',NULL,NULL),(792,'susceptible','感受性の強い / 影響を受けやすい / 敏感な / できる',0,1,4,2,'2023-01-13 03:54:41','2023-01-13 03:54:41',1,4,2,85,'He\'s very susceptible to women who cry.',NULL,NULL),(793,'capital','首都 / 資本 / 資産 / 主要な・資本の・重要な(adj)',0,1,1,2,'2023-01-13 03:57:49','2023-01-13 03:57:49',1,4,4,NULL,'Nara is older than Kyoto as the ancient capital.',NULL,NULL),(794,'cattle','牛',0,1,1,2,'2023-01-13 03:58:37','2023-01-13 03:58:37',1,4,NULL,NULL,'Cattle breeding is prospering in Hokkaido.',NULL,NULL),(795,'chief','長 / 上役 / ボス / 責任者',0,1,1,2,'2023-01-13 04:00:47','2023-01-13 04:00:47',1,4,NULL,NULL,'chief administrator',NULL,NULL),(796,'chiefly','主として / 主に / まず第一に / 大抵',0,1,5,2,'2023-01-13 04:01:54','2023-01-13 04:01:54',1,4,58,NULL,'chiefly because',795,NULL),(797,'capitulate','降伏する / 降参する / 屈服する / 諦める',0,1,3,2,'2023-01-13 04:03:04','2023-01-13 04:03:04',1,4,12,NULL,'When you know you can\'t win, it\'s smart to capitulate.',NULL,NULL),(798,'mischief','悪戯 / 悪さ / 災害 / 損害 / 被害 / 不幸',0,1,1,2,'2023-01-13 04:04:13','2023-01-13 04:04:13',1,4,NULL,53,'One mischief comes on the neck of another.',795,NULL);
/*!40000 ALTER TABLE `word_fixes` ENABLE KEYS */;
UNLOCK TABLES;

--
-- Table structure for table `word_origins`
--

DROP TABLE IF EXISTS `word_origins`;
/*!40101 SET @saved_cs_client     = @@character_set_client */;
/*!40101 SET character_set_client = utf8 */;
CREATE TABLE `word_origins` (
  `id` bigint(20) unsigned NOT NULL AUTO_INCREMENT,
  `word_origin` varchar(255) COLLATE utf8mb4_unicode_ci NOT NULL,
  `jpn` varchar(255) COLLATE utf8mb4_unicode_ci NOT NULL,
  `memo` varchar(255) COLLATE utf8mb4_unicode_ci DEFAULT NULL,
  `created_at` timestamp NULL DEFAULT NULL,
  `updated_at` timestamp NULL DEFAULT NULL,
  `root_id` bigint(20) unsigned DEFAULT NULL,
  PRIMARY KEY (`id`),
  KEY `word_origins_root_id_foreign` (`root_id`),
  CONSTRAINT `word_origins_root_id_foreign` FOREIGN KEY (`root_id`) REFERENCES `roots` (`id`)
) ENGINE=InnoDB AUTO_INCREMENT=13 DEFAULT CHARSET=utf8mb4 COLLATE=utf8mb4_unicode_ci;
/*!40101 SET character_set_client = @saved_cs_client */;

--
-- Dumping data for table `word_origins`
--

LOCK TABLES `word_origins` WRITE;
/*!40000 ALTER TABLE `word_origins` DISABLE KEYS */;
INSERT INTO `word_origins` VALUES (2,'standan','立つ','','2023-01-08 15:00:00','2023-01-08 15:00:00',1),(3,'steall','立った','','2023-01-08 15:00:00','2023-01-08 15:00:00',1),(4,'stede','場所 / 位置','','2023-01-08 15:00:00','2023-01-08 15:00:00',1),(5,'stare','立つ','','2023-01-08 15:00:00','2023-01-08 15:00:00',1),(6,'sistere','立たせる / 置く','','2023-01-08 15:00:00','2023-01-08 15:00:00',2),(7,'statuere','立たせる / 建てる','','2023-01-08 15:00:00','2023-01-08 15:00:00',2),(8,'sist','立つ','','2023-01-08 15:00:00','2023-01-08 15:00:00',2),(9,'facere','行う / 作る','','2023-01-08 15:00:00','2023-01-08 15:00:00',3),(10,'ficare','作る','','2023-01-08 15:00:00','2023-01-08 15:00:00',3),(11,'cepere','取る','','2023-01-08 15:00:00','2023-01-08 15:00:00',4),(12,'caput','頭','','2023-01-08 15:00:00','2023-01-08 15:00:00',5);
/*!40000 ALTER TABLE `word_origins` ENABLE KEYS */;
UNLOCK TABLES;
/*!40103 SET TIME_ZONE=@OLD_TIME_ZONE */;

/*!40101 SET SQL_MODE=@OLD_SQL_MODE */;
/*!40014 SET FOREIGN_KEY_CHECKS=@OLD_FOREIGN_KEY_CHECKS */;
/*!40014 SET UNIQUE_CHECKS=@OLD_UNIQUE_CHECKS */;
/*!40101 SET CHARACTER_SET_CLIENT=@OLD_CHARACTER_SET_CLIENT */;
/*!40101 SET CHARACTER_SET_RESULTS=@OLD_CHARACTER_SET_RESULTS */;
/*!40101 SET COLLATION_CONNECTION=@OLD_COLLATION_CONNECTION */;
/*!40111 SET SQL_NOTES=@OLD_SQL_NOTES */;

-- Dump completed on 2023-01-26 20:43:57
